Date,Open,High,Low,Close,Volume
,AAPL,AAPL,AAPL,AAPL,AAPL
2020-01-03,71.94132818321717,72.77174458511139,71.7839617851537,72.00911712646484,146322800
2020-01-06,71.12786596061405,72.62164622763687,70.87607527260708,72.5829086303711,118387200
2020-01-07,72.59259363206662,72.84922374466596,72.02123070618616,72.24154663085938,108872000
2020-01-08,71.94375136900179,73.70627127642481,71.94375136900179,73.40364074707031,132079200
2020-01-09,74.38417348369161,75.15648731833909,74.1323901596974,74.96280670166016,170108400
2020-01-10,75.19762083507513,75.69877866776542,74.62867407248754,75.13224792480469,140644800
2020-01-13,75.44942915816804,76.76405445807666,75.33079296168272,76.73741912841797,121532000
2020-01-14,76.67448226895164,76.88511195829709,75.57774940600967,75.70121765136719,161954400
2020-01-15,75.50027617412253,76.38395596192076,74.94343149157285,75.37680053710938,121923600
2020-01-16,75.92152830847965,76.43237250443956,75.5583716587375,76.32099914550781,108829200
2020-01-17,76.57037231867773,77.16837061022176,76.26290232469962,77.16595458984375,137816400
2020-01-21,76.7930936550816,77.23614144709862,76.50498883390406,76.64299011230469,110843200
2020-01-22,77.12964119289799,77.4710093927943,76.82217116630478,76.91659545898438,101832400
2020-01-23,76.96985393819801,77.3669014145498,76.42027207993955,77.2870101928711,104472000
2020-01-24,77.53396093858308,78.27963949778808,76.87301303795586,77.06427764892578,146537600
2020-01-27,75.06689673049003,75.48089322464955,73.81279759380895,74.79816436767578,161940000
2020-01-28,75.68183593003438,77.08603847633346,75.58257224071698,76.91414642333984,162234000
2020-01-29,78.55078999397739,79.37394362780475,77.80752757594179,78.52415466308594,216229200
2020-01-30,77.60416527632543,78.46363314950943,77.17079622640016,78.41036987304688,126743200
2020-01-31,77.69858276990855,78.1222655759737,74.63838622980492,74.93375396728516,199588400
2020-02-03,73.67237193822604,75.89731214570682,73.16879799630816,74.72795104980469,173788400
2020-02-04,76.33795548064964,77.3862719133486,75.93122176752728,77.19500732421875,136616400
2020-02-05,78.32562874403418,78.62584328517734,77.21921702642419,77.82447814941406,118826800
2020-02-06,78.09562750675829,78.73720276650342,77.53636686633509,78.73477935791016,105425600
2020-02-07,78.2324494253046,78.48240856737728,77.17194309043332,77.66458129882812,117684000
2020-02-10,76.24490381310511,78.033447265625,76.1648229834898,78.033447265625,109348800
2020-02-11,78.53092392160836,78.60372465740163,77.3442200863521,77.56262969970703,94323200
2020-02-12,78.01402569685219,79.40943007689862,78.01402569685219,79.40457916259766,113730400
2020-02-13,78.67411425559266,79.16675238353734,78.47026476188894,78.8391342163086,94747600
2020-02-14,78.80759072301922,79.10851777495836,78.34893117896286,78.85855865478516,80113600
2020-02-18,76.53126412045305,77.59662873916865,76.34925482708518,77.41461944580078,152531200
2020-02-19,77.65730009675248,78.76634519119376,77.65730009675248,78.53579711914062,93984000
2020-02-20,78.29554891500301,78.78575796634391,77.22290417552242,77.7301025390625,100566000
2020-02-21,77.32238890983989,77.76649566805042,75.35183643347615,75.97066497802734,129554000
2020-02-24,72.13879229080158,73.81812753069896,70.19007939634994,72.36205291748047,222195200
2020-02-25,73.03424203168211,73.41767156165426,69.4377377687625,69.91095733642578,230673600
2020-02-26,69.53480258277888,72.28921027859994,69.52752251016861,71.0199966430664,198054800
2020-02-27,68.21706677109698,69.4061923618355,66.24165620285358,66.37755584716797,320605600
2020-02-28,62.43160376696,67.56426328843753,62.21561589566721,66.33872985839844,426510000
2020-03-02,68.50343166746465,73.15316245707646,67.39681595785085,72.5149154663086,341397200
2020-03-03,73.69433636090781,73.77441717355254,69.35765634090362,70.2118911743164,319475600
2020-03-04,71.93975340351452,73.62879693625385,71.13648661708095,73.4686279296875,219178400
2020-03-05,71.71650028960082,72.69449642985231,70.71909308665877,71.08554077148438,187572800
2020-03-06,68.43548440571074,70.5759151634938,68.24862422437134,70.14151763916016,226176800
2020-03-09,64.00658563730508,67.48660157527603,63.82457638904733,64.5938720703125,286744800
2020-03-10,67.25606172575357,69.51297346708441,65.37044115282052,69.24602508544922,285290000
2020-03-11,67.31672823268998,68.24618550081415,65.97470631539656,66.84107208251953,255598800
2020-03-12,62.111272274536645,65.52333888472222,60.18440016078189,60.24021530151367,418474000
2020-03-13,64.28325061879912,67.93071607578169,61.38565875889742,67.45748901367188,370732000
2020-03-16,58.716186517548486,62.873275496652674,58.242963182289955,58.7792854309082,322423600
2020-03-17,60.06548484229005,62.5165408014644,57.854678750743666,61.36381912231445,324056000
2020-03-18,58.187145839294104,60.6697510139483,57.54404425675361,59.861629486083984,300233600
2020-03-19,60.036361741511776,61.35896164078844,58.876356338925326,59.40296936035156,271857200
2020-03-20,59.98539913252844,61.11385881136198,55.330817248448476,55.63174057006836,401693200
2020-03-23,55.350234801464175,55.45215955190559,51.595989830091725,54.449893951416016,336752800
2020-03-24,57.359620632722056,60.10917472444294,56.859702380225244,59.91260528564453,287531200
2020-03-25,60.85176409780143,62.67185674280047,59.286485163699844,59.58255386352539,303602000
2020-03-26,59.82524536167027,62.77622003802829,59.786415821760485,62.717979431152344,252087200
2020-03-27,61.33712415208677,62.09428153233142,59.95385443702902,60.12130355834961,204216800
2020-03-30,60.849334516621546,62.0093398541759,60.52414183848412,61.8370361328125,167976400
2020-03-31,62.0287624061651,63.700817094858024,61.15511640489983,61.71084976196289,197002000
2020-04-01,59.82037714150967,60.35912485054445,58.03183398758983,58.463802337646484,176218400
2020-04-02,58.32547715782636,59.49276269917482,57.49066070248686,59.43937301635742,165934000
2020-04-03,58.92246773803886,59.62623542608821,57.99300663222972,58.58514404296875,129880000
2020-04-06,60.88816303362977,63.851271716138356,60.51929359909339,63.695960998535156,201820400
2020-04-07,65.7174729657415,65.93588999958892,62.85386360925453,62.958213806152344,202887200
2020-04-08,63.76147775323179,64.88508270225176,63.395037501230945,64.5696029663086,168895200
2020-04-09,65.20786042767898,65.54032952455171,64.2371442763535,65.03555297851562,161834800
2020-04-13,65.11321477612952,66.42125839971293,64.51136807094039,66.31204986572266,131022800
2020-04-14,67.9501117046532,69.95221321023672,67.47688475003459,69.66099548339844,194994800
2020-04-15,68.53256171861511,69.4862886004415,68.10302246952716,69.02519989013672,131154400
2020-04-16,69.74110330393147,69.94010189303526,68.52042803590564,69.57365417480469,157125200
2020-04-17,69.08828263215949,69.636739522461,67.18810198275611,68.6296157836914,215250000
2020-04-20,67.45263070247596,68.35781862849281,67.18568232250739,67.20509338378906,130015200
2020-04-21,67.04735361351801,67.28275253901889,64.41428499057956,65.12776184082031,180991600
2020-04-22,66.39939402555568,67.44048895263322,66.05722317141493,67.00366973876953,116862400
2020-04-23,66.94786806714389,68.37482206031547,66.70518901812768,66.7440185546875,124814400
2020-04-24,67.27063536119402,68.6806000437413,67.22209658899173,68.67089080810547,126161200
2020-04-27,68.38695250061332,69.05189812563647,67.93800218832392,68.71942901611328,117087600
2020-04-28,69.18292026480744,69.36492949955759,67.51329510571802,67.60550689697266,112004800
2020-04-29,69.0979975124322,70.29683242001799,68.89414803177873,69.82603454589844,137280800
2020-04-30,70.36721610873765,71.47626115798072,69.976506388418,71.29910278320312,183064000
2020-05-01,69.46685809785768,72.56101509610286,69.36978798695081,70.15121459960938,240616800
2020-05-04,70.17550415897956,71.27241079901312,69.4838673851674,71.14379119873047,133568000
2020-05-05,71.60488073705282,73.04639490337159,71.45927182415636,72.21157836914062,147751200
2020-05-06,72.91533768168664,73.58998507405805,72.52947892116252,72.95659637451172,142333600
2020-05-07,73.58513616899319,74.05836324243135,73.28178737986006,73.7113265991211,115215200
2020-05-08,74.37319856682336,75.51930873875061,74.04469357012428,75.46577453613281,133838400
2020-05-11,74.97180698726206,77.14965926401848,74.7625342106639,76.65325927734375,145946400
2020-05-12,77.33947268862552,77.79208148134276,75.65559183440632,75.77725982666016,162301200
2020-05-13,75.95731647939719,76.88199755928032,73.78189245874619,74.8623046875,200622400
2020-05-14,74.09821767406875,75.38303093576837,73.37307401489639,75.32219696044922,158929200
2020-05-15,73.08595077247826,74.92313414173562,73.05188017652294,74.87689971923828,166348400
2020-05-18,76.20553196590271,77.01583751017019,75.51202293913698,76.64109802246094,135178400
2020-05-19,76.65813571214994,77.50737593072427,76.16659969162133,76.19823455810547,101729600
2020-05-20,77.05962650901947,77.75069971271533,77.02069186607584,77.68013763427734,111504800
2020-05-21,77.54144307709652,78.08408497746194,76.86253362412333,77.10100555419922,102688800
2020-05-22,76.83817497038486,77.6801225366079,76.73597805029135,77.5973892211914,81803200
2020-05-26,78.71916640033362,78.89923259629772,77.01581504082098,77.07178497314453,125522000
2020-05-27,76.92823567989113,77.55360346730318,76.18605652967298,77.40760040283203,112945200
2020-05-28,77.0815181781685,78.70457206303743,76.80411908559893,77.44165802001953,133560800
2020-05-29,77.68501099224073,78.14734786532948,77.00853727030466,77.36624145507812,153532400
2020-06-01,77.31999390359594,78.43934069786921,77.18859041846218,78.31767272949219,80791200
2020-06-02,78.05000523231972,78.70457952577789,77.6071320252172,78.68024444580078,87642800
2020-06-03,79.00145559647322,79.37619506332315,78.4271788552984,79.11338806152344,104491200
2020-06-04,78.93575218035002,79.23505064541881,78.05730554159499,78.43204498291016,87560400
2020-06-05,78.68268407951567,80.72670465644849,78.65348495250613,80.6658706665039,137250400
2020-06-08,80.36169309987528,81.17686997307266,79.64872058754821,81.1427993774414,95654400
2020-06-09,80.82161381457999,84.09934224911986,80.78997894985643,83.70513916015625,147712400
2020-06-10,84.65657009743241,86.32828677869298,84.2161326502249,85.85865020751953,166651600
2020-06-11,84.99967763398335,85.42551553412683,81.63434481058569,81.73654174804688,201662400
2020-06-12,83.88275149824271,84.6322228005878,81.32772455576006,82.44219970703125,200146000
2020-06-15,81.0917097169114,84.11637395651466,80.9286713541559,83.46179962158203,138808800
2020-06-16,85.52283897490148,85.9462485185203,83.88275727706606,85.6737060546875,165428800
2020-06-17,86.42076455774615,86.48159854763982,85.43282115595484,85.55448913574219,114406400
2020-06-18,85.51067747543081,86.00708483695735,84.97777121070888,85.58854675292969,96820400
2020-06-19,86.29667304189616,86.76387395155108,83.98740960809002,85.09945678710938,264476000
2020-06-22,85.49364658624263,87.4695331919999,85.44741216447049,87.32596588134766,135445200
2020-06-23,88.5742789095001,90.61343520003089,88.15330507538052,89.1899185180664,212155600
2020-06-24,88.81761197618738,89.73985720448684,87.24079252033772,87.61553192138672,192623200
2020-06-25,87.77128710141119,88.81762879904495,87.0096443292993,88.77869415283203,137522400
2020-06-26,88.67405701121628,88.8954936232834,85.90245689556569,86.05089569091797,205256800
2020-06-29,85.9584251297807,88.12898509123728,85.47905300682135,88.0340805053711,130646000
2020-06-30,87.62039790653964,89.05608582615886,87.60093429970102,88.7689437866211,140223200
2020-07-01,88.84683067288958,89.3919008846663,88.55239622020926,88.60105895996094,110737200
2020-07-02,89.51114056301097,90.14867963414797,88.4866981798334,88.60105895996094,114041600
2020-07-06,90.03431584668381,91.44079756476127,90.00268097997908,90.97116088867188,118655600
2020-07-07,91.35075503882443,92.1318614031436,90.57694845637647,90.68888092041016,112424400
2020-07-08,91.6695298380442,92.83267551468656,91.58192502451845,92.80104064941406,117092000
2020-07-09,93.6965037466287,93.75003795219516,92.14889068283713,93.20010375976562,125642800
2020-07-10,92.79373105488341,93.42154196968667,92.18052712914378,93.3631362915039,90257200
2020-07-13,94.67227687695217,97.29057387515883,92.71828964483974,92.93242645263672,191649200
2020-07-14,92.31191055961413,94.66253642553353,91.37507321337583,94.47030639648438,170989200
2020-07-15,96.35129727473847,96.60193299733245,93.91793786080713,95.1200180053711,153198000
2020-07-16,93.98851960775556,94.80856064892015,93.34854481035306,93.9495849609375,110577600
2020-07-17,94.40219140138757,94.55792255878987,93.28527277756179,93.75978088378906,92186800
2020-07-20,93.84737490055309,95.8743600058145,93.50183459957924,95.73565673828125,90318000
2020-07-21,96.52893470179353,96.60436824916565,94.16370906625916,94.41434478759766,103433200
2020-07-22,94.11504710524962,95.36336177523553,94.02744972364847,94.6795883178711,89001600
2020-07-23,94.41191626887031,94.48978555792418,89.55736834691913,90.37010955810547,197004400
2020-07-24,88.56213563459892,90.49178823352345,86.76874316858824,90.14624786376953,185438800
2020-07-27,91.212045787962,92.37519132147816,90.98818087454525,92.28272247314453,121214000
2020-07-28,91.85202279586937,92.02966071554671,90.7618750492638,90.7667465209961,103625600
2020-07-29,91.25100003347492,92.69155242145456,91.21450111866662,92.5066146850586,90329200
2020-07-30,91.67682263526055,93.73057872513968,91.26802000602063,93.62594604492188,158130000
2020-07-31,100.14247783391713,103.578380221725,98.13738457841312,103.4275131225586,374336800
2020-08-03,105.31579399255398,108.66166323525441,105.01649553295304,106.03363800048828,308151200
2020-08-04,106.22343065918278,107.8367490242639,105.49828693193605,106.74173736572266,173071600
2020-08-05,106.46189359206154,107.4498367668899,105.99468538956056,107.12863159179688,121776800
2020-08-06,107.46201970975673,111.36269464253704,106.87071514088169,110.86628723144531,202428800
2020-08-07,110.38605018937842,110.84434776897682,107.54607671169924,108.34565734863281,198045600
2020-08-10,109.79612082851325,110.94186486752692,107.26086549559103,109.92044830322266,212403600
2020-08-11,109.18180291672903,109.68153802602951,106.390579904866,106.65142059326172,187902400
2020-08-12,107.74596761374468,110.45430815645663,107.55095084699191,110.19590759277344,165598000
2020-08-13,111.58055905900497,113.15290889313627,111.09056951787859,112.1461181640625,210082000
2020-08-14,111.97058828094455,112.13635327859295,110.23003348739779,112.04615783691406,165565200
2020-08-17,113.17240210150105,113.19678105887246,111.1246961523291,111.75363159179688,119561600
2020-08-18,111.50497642122994,113.11145065744996,111.16856617508924,112.68484497070312,105633600
2020-08-19,113.09437890098116,114.24499562094896,112.73115702960943,112.82622528076172,145538000
2020-08-20,112.86767769232154,115.4443778648386,112.85061167913358,115.32980346679688,126907200
2020-08-21,116.29271066660041,121.7581423853081,116.28052490809851,121.27303314208984,338054800
2020-08-24,125.49276470400675,125.57809477103142,120.85130005912201,122.7234878540039,345937600
2020-08-25,121.59237004026225,122.06285336909471,119.98832854152907,121.71669006347656,211495600
2020-08-26,123.03795523691794,123.83022293693548,121.9677808342838,123.3719253540039,163022400
2020-08-27,123.9765079967238,124.31047816436129,120.74892572684594,121.89710998535156,155552400
2020-08-28,122.87463439456488,123.2939271755795,121.4753699990524,121.69964599609375,187630000
2020-08-31,124.40307797475816,127.7379133155527,122.86242044091328,125.82671356201172,225702700
2020-09-01,129.4541217539587,131.44333179825284,127.27965542096419,130.83876037597656,151948100
2020-09-02,134.1638713290683,134.5441593538075,123.8375762213709,128.1280059814453,200119000
2020-09-03,123.74978578666541,125.6317192300971,117.49939923565937,117.86993408203125,257599600
2020-09-04,117.08009977010788,120.61970534748437,108.1286934708545,117.94793701171875,332607200
2020-09-08,111.11250964380896,116.02700868136228,109.87413739256252,110.01065063476562,231366600
2020-09-09,114.34008654092767,116.17326959342994,112.38988895508609,114.39859008789062,176940500
2020-09-10,117.3628949087768,117.49940814881735,109.69861756632326,110.6639633178711,182274400
2020-09-11,111.71706305037618,112.36063179376235,107.2608620779855,109.2110595703125,180860300
2020-09-14,111.86332602698766,113.04319458206483,109.99113827543115,112.48738861083984,140150100
2020-09-15,115.38343686650313,115.87098624147585,110.78096957645455,112.66291046142578,184642000
2020-09-16,112.36063408677491,113.11145686330157,109.25006664242188,109.33782196044922,154679000
2020-09-17,106.9878355070113,109.40607622888594,106.00298369138476,107.59239196777344,178011000
2020-09-18,107.65090688938564,108.11895013810333,103.4482260852904,104.17955017089844,287104900
2020-09-21,101.93682671673261,107.44613627717712,100.53268210169752,107.33887481689453,195713800
2020-09-22,109.87412593250646,110.04964400266275,106.4417816531773,109.02578735351562,183055400
2020-09-23,108.84051984457511,109.31831612573531,104.11128518620949,104.45257568359375,150718700
2020-09-24,102.55113797500798,107.5046416144481,102.38537296614106,105.52519226074219,167743300
2020-09-25,105.72996379838419,109.64011209223098,104.98888662302512,109.48409271240234,149981400
2020-09-28,112.1461013546261,112.44837956504263,109.97162802324053,112.09734344482422,137672400
2020-09-29,111.69758311216263,112.43865292735711,110.74198290705544,111.24903106689453,99382200
2020-09-30,110.95651186467023,114.34010645573794,110.79074682646134,112.92620849609375,142675200
2020-10-01,114.7106226562807,114.78863234602518,112.94569620243965,113.88179016113281,116120400
2020-10-02,110.07889017847046,112.49713819553232,109.4255758436502,110.20565032958984,144712000
2020-10-05,111.07349695083026,113.74526531692963,110.72246082221426,113.5989990234375,106243800
2020-10-06,112.81892262806667,113.22846975785129,109.45483490950848,110.34217834472656,161498200
2020-10-07,111.76582617611366,112.6726683499166,111.28802241183179,112.21437072753906,96849000
2020-10-08,113.35523433064257,113.5015006370164,111.73656676842208,112.10710906982422,83477200
2020-10-09,112.4093925986349,114.08656378648601,112.0583564226003,114.05731201171875,100506900
2020-10-12,117.07035922140598,122.06286774169322,116.30978334982996,121.30229187011719,240226800
2020-10-13,122.15061740846656,122.26763193691325,116.67056718260892,118.08445739746094,262330500
2020-10-14,117.98694718210373,119.96639642799329,116.6413136031742,118.1722183227539,150712000
2020-10-15,115.7637332845987,118.1819741959685,115.20792725389234,117.70417785644531,112559200
2020-10-16,118.25998458807123,118.52326543752153,115.85148929426413,116.05625915527344,115393800
2020-10-19,116.97284597845898,117.42139051387834,112.7799257876711,113.09195709228516,120639300
2020-10-20,113.3064853596234,116.01726645875162,112.75067930305906,114.58386993408203,124423700
2020-10-21,113.7647612616899,115.75396346252074,113.55023836168668,113.95978546142578,89946000
2020-10-22,114.5253328724893,115.10064494149853,111.73655015280667,112.86766815185547,101988000
2020-10-23,113.49173574533604,113.64775510639481,111.4342769177023,112.17535400390625,82572600
2020-10-26,111.1710235471979,113.64777555403136,110.06915706985596,112.18512725830078,111850700
2020-10-27,112.61414257382006,114.35957007435778,111.68780181918402,113.69650268554688,92276800
2020-10-28,112.18512875374776,112.55566364874979,108.33348372666579,108.43099212646484,143937800
2020-10-29,109.57186368811263,114.01831219479435,109.4060912247632,112.44840240478516,146129200
2020-10-30,108.29446818664717,109.20131035012999,105.03764183054732,106.14925384521484,190272600
2020-11-02,106.39301507304658,107.92391966714173,104.64758758408,106.06147766113281,122866900
2020-11-03,106.9293350359113,108.71376013684448,106.0224928792937,107.68991088867188,107624400
2020-11-04,111.29775793314307,112.71164798231274,109.55233047859787,112.08758544921875,138235500
2020-11-05,115.01289346688455,116.64131401748298,113.95979248109225,116.06600189208984,126387100
2020-11-06,115.57273140177695,116.43229602708031,113.43357855709559,115.93414306640625,114457900
2020-11-09,117.70211621905518,119.1575178931427,113.35544353875275,113.61917114257812,154515300
2020-11-10,112.86706693044832,114.85969395496241,111.48003200833709,113.27731323242188,138023400
2020-11-11,114.46896905922455,116.85230965844065,113.73638330100388,116.71556091308594,112295000
2020-11-12,116.84255382154495,117.7314207166171,115.81693072113664,116.44207000732422,103162300
2020-11-13,116.66674192406562,116.89139741334863,115.13319583001916,116.49092102050781,81581900
2020-11-16,116.15879706701332,118.1807334795776,115.40667896087977,117.50675964355469,91183000
2020-11-17,116.7741779499669,117.86816796066498,116.19787325311871,116.61788940429688,74271000
2020-11-18,115.85600932586726,117.03791358767974,115.26017224604259,115.28947448730469,76322100
2020-11-19,114.85967663013399,116.29554592271136,114.09778862645973,115.88529968261719,74113000
2020-11-20,115.88531221940879,116.01229108300883,114.56665918945185,114.61549377441406,73604300
2020-11-23,114.45920273719096,114.88898878015578,111.1088434668693,111.2065200805664,127959300
2020-11-24,111.26513373188881,113.16008391412161,109.97577558304761,112.4958724975586,113874200
2020-11-25,112.86703344600572,114.03916751883382,112.4958519428877,113.33588409423828,76499200
2020-11-27,113.86336408177817,114.76200083857178,113.52149221259015,113.88289642333984,46691300
2020-11-30,114.2540680812239,118.16119185275043,114.0977795532842,116.28577423095703,169410200
2020-12-01,118.20027268083436,120.60315308283555,117.22349166609008,119.87056732177734,127728200
2020-12-02,119.1868283254981,120.50548879201791,118.08306834880034,120.22222137451172,89004200
2020-12-03,120.65199182191449,120.90595698113327,119.37241103320297,120.08546447753906,78967600
2020-12-04,119.75335564285018,120.0073208033349,118.69843031675794,119.41148376464844,78260400
2020-12-07,119.47009601504965,121.67762342572043,119.41149153275923,120.87666320800781,86712000
2020-12-08,121.4822724663765,122.07810955502222,120.23198635344457,121.49203491210938,82225500
2020-12-09,121.63854040920427,123.02556768253118,118.19050456748764,118.952392578125,115089200
2020-12-10,117.7021162779425,120.99387109234236,117.36024440160968,120.37849426269531,81312200
2020-12-11,119.58729662299177,119.90963613747431,117.75095104891274,119.56776428222656,86939800
2020-12-14,119.75335272421145,120.48593849632398,118.71796721767839,118.952392578125,79184500
2020-12-15,121.45296055193862,124.9303063971683,121.2478374115688,124.9107666015625,157243700
2020-12-16,124.45167027239827,125.389371682003,123.62140046403383,124.84237670898438,98208600
2020-12-17,125.90708420602752,126.57130313801186,125.06705182129579,125.71173095703125,94359800
2020-12-18,125.96570828998297,126.10245705982724,123.19164584689403,123.71910858154297,192541500
2020-12-21,122.11716580798591,125.33077641507083,120.58361982974765,125.25263214111328,121251600
2020-12-22,128.55418175761582,131.28917225657673,126.63968393699342,128.8179168701172,168904800
2020-12-23,129.09140014420157,129.35512032302032,127.743437390027,127.91926574707031,88223700
2020-12-24,128.27092090321057,130.36123218201516,128.05602783585223,128.90582275390625,54930100
2020-12-28,130.87891392295424,134.1511218894807,130.41004823158806,133.51622009277344,124486200
2020-12-29,134.84462043635702,135.56742883965345,131.22075635748268,131.7384490966797,121047300
2020-12-30,132.43197135905453,132.83245515094322,130.3025810031429,130.6151580810547,96452100
2020-12-31,130.96676394462685,131.61144281274758,128.66156079259721,129.60903930664062,99116600
2021-01-04,130.419813747916,130.50772046788387,123.81677157197642,126.40524291992188,143301900
2021-01-05,125.8972925672046,128.6811241595061,125.44796678465465,127.96806335449219,97664900
2021-01-06,124.75446642211676,128.0071488340126,123.44557604986173,123.66046905517578,155088000
2021-01-07,125.37963807755663,128.57371684230972,124.89124746723652,127.88019561767578,109578200
2021-01-08,129.35509913564104,129.55046725691102,127.20618394212671,128.9839324951172,105158200
2021-01-11,126.1903600931944,127.14760145406545,125.51637870995441,125.9852294921875,100384500
2021-01-12,125.51636516935064,126.67873700583286,123.91444484041192,125.80940246582031,91951100
2021-01-13,125.77033487541826,128.39787854041427,125.5066146974837,127.85088348388672,88636800
2021-01-14,127.76295505402753,127.95830826895903,125.77031351003957,125.91683959960938,90221800
2021-01-15,125.78986283591505,127.19642993721087,124.05119375361772,124.18794250488281,111598500
2021-01-19,124.81309643726976,125.7215106737219,123.99260383334368,124.8619384765625,90757300
2021-01-20,125.6726241270603,129.41369646360525,125.5651776404679,128.96437072753906,104319500
2021-01-21,130.69330654954064,136.42700650318062,130.48817597250854,133.6920166015625,120150900
2021-01-22,133.1157150150256,136.60283037919487,131.88497630652225,135.8409423828125,114459400
2021-01-25,139.74808861764467,141.72117584234562,133.3696938895246,139.6015625,157611700
2021-01-26,140.2657387257932,140.9494823530756,138.08750665706705,139.83595275878906,98390600
2021-01-27,140.09967490857025,140.94948441192093,137.14980737284998,138.76148986816406,140843800
2021-01-28,136.28047622181393,138.6931262527624,133.52594691185897,133.90689086914062,142621100
2021-01-29,132.67619570373378,133.56507019639048,127.18668998356583,128.89605712890625,177523800
2021-02-01,130.64449230969086,132.2366505181197,127.88996202795502,131.0254364013672,106239800
2021-02-02,132.57847548555233,133.14501023071227,131.4844855801371,131.8556671142578,83305400
2021-02-03,132.6077812510319,132.61755859976557,130.50770809360628,130.83004760742188,89880900
2021-02-04,133.1352633782053,134.2097136169971,131.4649611835476,134.199951171875,84183100
2021-02-05,134.361383637691,134.4298527337004,132.9037994309717,133.78421020507812,75693800
2021-02-08,133.07009728305556,133.97986900574796,131.98424937796673,133.9309539794922,71297200
2021-02-09,133.6472186633411,134.87981130485002,132.89398418993693,133.0504913330078,76774200
2021-02-10,133.5103251089824,134.00923756318033,131.47558207421724,132.4440460205078,73046600
2021-02-11,132.94285528080232,133.42219841759544,130.85921352176112,132.1896209716797,64280000
2021-02-12,131.4266437121405,132.58096057062542,130.78100126920737,132.4244384765625,60145100
2021-02-16,132.54184204307595,133.05051647602303,129.90058012743768,130.29188537597656,80576300
2021-02-17,128.39406313668186,129.3429575974332,126.65279627456941,127.99298095703125,97918500
2021-02-18,126.38870666417387,127.17130227893666,124.63766222365031,126.88761901855469,96856700
2021-02-19,127.40604940993619,127.8658236438276,125.99738068709999,127.0440902709961,87668800
2021-02-22,125.22459753272622,126.89739584310223,122.86704112148782,123.25833892822266,103916400
2021-02-23,121.067072044615,123.95287914625916,115.81391675875304,123.12137603759766,158273000
2021-02-24,122.2213618277181,122.82786611832533,119.57033115552444,122.6224365234375,111039900
2021-02-25,121.96704059219421,123.70830769868415,117.91712502936959,118.35733032226562,148199500
2021-02-26,119.92251431654658,122.13334021289873,118.56276044849312,118.6214599609375,164560400
2021-03-01,121.05729069867618,125.14633726081128,120.11818049068046,125.00938415527344,116307900
2021-03-02,125.61589674931776,125.91914898981547,122.28987674743256,122.3974838256836,102260900
2021-03-03,122.09419895048056,122.97461692584996,119.18882336345308,119.40403747558594,112966300
2021-03-04,119.10078939752296,120.91053295934665,116.03889910024034,117.51603698730469,178155000
2021-03-05,118.34754097876571,119.28665097906885,115.01173723483151,118.77796173095703,153766600
2021-03-08,118.29862270369864,118.36709923943408,113.68132639872991,113.82806396484375,154376600
2021-03-09,116.43997360787498,119.40404133459487,116.20519796131644,118.45514678955078,129525800
2021-03-10,119.04212218796035,119.51167358003067,116.85085748034945,117.36933135986328,111943300
2021-03-11,119.87361000523832,120.52902944875325,118.62146316885641,119.30622863769531,103026500
2021-03-12,117.78017258073191,118.5334145770574,116.5671562971472,118.3964614868164,88105100
2021-03-15,118.76822048970244,121.30186060870128,117.79975671281828,121.29207611083984,92403800
2021-03-16,122.96485323576835,124.45178328205833,122.00618152746164,122.83768463134766,115227900
2021-03-17,121.35075339157471,123.12136654730853,119.67795534298575,122.04530334472656,111932600
2021-03-18,120.20621275113163,120.49968794214433,117.70191898445727,117.9073486328125,121229700
2021-03-19,117.29104365883211,118.7877505090129,117.07582954328501,117.37908172607422,185549500
2021-03-22,117.71169475504172,121.17466742071305,117.64321821066616,120.70510864257812,111912300
2021-03-23,120.64642246770546,121.53661758792646,119.4823136932633,119.87361145019531,95467100
2021-03-24,120.14749804522086,120.22575907651984,117.45733666722599,117.47689819335938,88530500
2021-03-25,116.93888575254493,119.0127585740185,116.41063491697949,117.96603393554688,98844700
2021-03-26,117.73127550973699,118.83669235952908,116.33239090614592,118.57256317138672,94071200
2021-03-29,119.00298664807106,119.91275082818898,118.10300696502964,118.74864196777344,80819200
2021-03-30,117.49649869548081,117.78018941248851,116.27369774116383,117.29106903076172,85671900
2021-03-31,119.0029908224551,120.83229628055129,118.51387043885552,119.49211120605469,118323800
2021-04-01,120.96923551452913,121.47791733984869,119.82468834663912,120.32359313964844,75089100
2021-04-05,121.17467974982267,123.41485187715786,120.39208419443258,123.16050720214844,88651200
2021-04-06,123.7474357865334,124.36372467715026,122.91593276997253,123.4637451171875,80171300
2021-04-07,123.09201613924569,125.13653540500879,122.41702773888204,125.11697387695312,83466700
2021-04-08,126.14410720812901,127.55277589093346,125.72347096558431,127.52342987060547,88844600
2021-04-09,126.97563580060692,130.14512586474413,126.65281460393234,130.1060028076172,106686700
2021-04-12,129.63642387988736,129.95924500781146,127.7875500939686,128.38427734375,91420000
2021-04-13,129.5582085139557,131.72990419313948,129.059296173719,131.50489807128906,91266500
2021-04-14,132.0037882044852,132.06248025187,128.79516024880334,129.1571044921875,87222800
2021-04-15,130.90813743338322,132.0624539400122,130.73204639954596,131.57333374023438,89347100
2021-04-16,131.37775207518385,131.73969642120264,130.37994220639808,131.2407989501953,84922400
2021-04-19,130.60489828233995,132.52225644299975,130.4385991700877,131.9059600830078,94264200
2021-04-20,132.0820664075215,132.5809638018916,128.9419071234644,130.213623046875,94812300
2021-04-21,129.47991444834784,130.83966815962773,128.44298189644934,130.59510803222656,68847100
2021-04-22,130.1451477062781,131.23099557668175,128.55062537401983,129.069091796875,84566500
2021-04-23,129.28425964833707,132.1798429808979,129.28425964833707,131.3972625732422,78657500
2021-04-26,131.89621182382086,132.12120303338915,130.65384180036304,131.78860473632812,66905100
2021-04-27,132.07226369879982,132.46356891164857,131.1918530917334,131.46575927734375,66015800
2021-04-28,131.38746641875758,132.0820236741445,130.18423489999628,130.67335510253906,107760100
2021-04-29,133.5005377255564,134.08748824025898,129.56800510130114,130.57559204101562,151101000
2021-04-30,128.9125776490249,130.65384516288776,128.2180350065091,128.59954833984375,109839500
2021-05-03,129.16691594936623,131.1527586179982,128.96149372877142,129.65603637695312,75135100
2021-05-04,128.33538938179106,128.6288645532719,123.94308362244821,125.06806182861328,137564700
2021-05-05,126.38869312319078,127.61149397563412,125.18546126388162,125.31263732910156,84000900
2021-05-06,125.10718773006204,126.92671581394534,124.36372279624072,126.91693878173828,78128300
2021-05-07,128.2202307892884,128.62197939641553,126.87775437814886,127.59309387207031,78973300
2021-05-10,126.80914518929129,126.9365223057384,124.26139353065895,124.30059051513672,88071200
2021-05-11,121.01792574395533,123.73225163919108,120.30259382458506,123.3794937133789,126142800
2021-05-12,120.91994025373684,122.13501696157893,119.79305116069399,120.30259704589844,112172300
2021-05-13,122.07623559621457,123.61468197456075,121.7626671457256,122.4583969116211,105861300
2021-05-14,123.71266999123503,125.31970922511546,123.32070756139703,124.8885498046875,81918000
2021-05-17,124.27121091978704,124.37900077220148,122.65437060963178,123.73226165771484,74244600
2021-05-18,124.01643714976464,124.43779545294035,122.27221218928985,122.34080505371094,63342900
2021-05-19,120.68477166324163,122.40939434000599,120.39079798085203,122.18402099609375,92612000
2021-05-20,122.71316695271737,125.15312155926449,122.585774870456,124.75135803222656,76857100
2021-05-21,125.25109958373996,125.42748227973826,122.69355422979483,122.90913391113281,79295400
2021-05-24,123.47747298079354,125.36868444413138,123.40888012879931,124.54556274414062,63092900
2021-05-25,125.25110237090293,125.74106096052154,123.78124903022919,124.34959411621094,72009500
2021-05-26,124.40838035343548,124.82973859149602,123.87923227707617,124.30059051513672,56575900
2021-05-27,123.89883613267928,125.07471577819632,122.5661685471944,122.76214599609375,94625600
2021-05-28,123.0463342994687,123.27171512304146,122.04683722029289,122.10562896728516,71311100
2021-06-01,122.5661665562736,122.83073685559619,121.44907866835985,121.78224182128906,67637100
2021-06-02,121.78225486696007,122.72296016407643,121.5568815278501,122.54657745361328,59278900
2021-06-03,122.17421691048338,122.34079850429373,120.65536538181918,121.05712890625,76229200
2021-06-04,121.57647200078277,123.62447159323195,121.36089230936066,123.35989379882812,75169300
2021-06-07,123.63426789483995,123.78125473088885,122.32120243854156,123.36969757080078,71057600
2021-06-08,124.05563196155543,125.87825834715188,123.67347065562662,124.19281768798828,74403800
2021-06-09,124.6533680366472,125.1825161645287,123.97723307167732,124.5749740600586,56877900
2021-06-10,124.4671771062987,125.61366838929395,123.40888838700712,123.57546997070312,71186400
2021-06-11,123.98703826502418,124.87875295690584,123.56567997208057,124.79055786132812,53522400
2021-06-14,125.2511144685025,127.91644250380197,124.51618772718142,127.85765075683594,96906500
2021-06-15,127.32849666623278,127.97523571896205,126.78954745562504,127.0345230102539,62746300
2021-06-16,127.74982800348911,128.2593812661724,125.87822641453837,127.53424835205078,91815000
2021-06-17,127.19131572684212,129.88604692888487,127.04432141727578,129.1413116455078,96721700
2021-06-18,128.0830111104863,128.86692083515925,127.62245592357515,127.8380355834961,108953300
2021-06-21,127.68127808078076,129.74887261931582,126.61318811711466,129.64108276367188,79663300
2021-06-22,129.47451247916192,131.38531922160797,128.97475267197447,131.28732299804688,74783600
2021-06-23,131.08153979372707,131.6204890694468,130.55238415861209,131.012939453125,60214200
2021-06-24,131.74788225881792,131.93406611785448,130.25842633865025,130.72879028320312,68711000
2021-06-25,130.7777556903275,131.19910646414033,130.1408102817522,130.43478393554688,70783700
2021-06-28,130.72875158549564,132.5317679828533,130.669959847861,132.0712127685547,62111300
2021-06-29,132.09082341810688,133.7468605769358,131.64987040561977,133.59007263183594,64556100
2021-06-30,133.4332816037582,134.64836572202546,133.1393079515186,134.20741271972656,63261400
2021-07-01,133.85463680142217,134.5699611689942,133.03150764945613,134.51116943359375,52485800
2021-07-02,135.12849901876004,137.18629949198788,134.9815196787238,137.14710998535156,78852600
2021-07-06,137.25490420705506,140.27298973450715,137.25490420705506,139.16571044921875,108181800
2021-07-07,140.65514627070422,141.97802013748654,139.7928425569442,141.66445922851562,104911600
2021-07-08,138.73454962161878,141.1647027920802,137.84283506741627,140.36119079589844,105575500
2021-07-09,139.8810638333893,142.72277473602026,139.78306761517845,142.19363403320312,99890800
2021-07-12,143.27154122768485,143.37933109333952,141.105950273032,141.5959014892578,76299700
2021-07-13,141.13533874616226,144.496411688261,140.7433837745926,142.71298217773438,100827100
2021-07-14,145.12353460486517,146.56399216212412,144.7119624866864,146.1524200439453,127050800
2021-07-15,146.24063073416198,146.98535113045864,144.1338317300182,145.4958953857422,106820300
2021-07-16,145.47632703956515,146.7501882868023,142.94817687680396,143.4479217529297,93251400
2021-07-19,140.86095791027103,141.17453382837715,138.82275929894942,139.5870819091797,121434600
2021-07-20,140.57681298890034,144.14365733248744,140.0868617606487,143.21273803710938,96350000
2021-07-21,142.6051905545548,143.19313795676365,141.7232844033651,142.47779846191406,74993500
2021-07-22,143.00693860738033,145.22151233826582,142.87954652855333,143.8496551513672,77338200
2021-07-23,144.58459902383794,145.73108301310796,143.9672557403373,145.5742950439453,71447400
2021-07-26,145.29010519733632,146.8187502561115,144.731553759334,145.99563598632812,72434100
2021-07-27,146.1230281888383,146.21123076065714,142.62478470512065,143.8202667236328,104818600
2021-07-28,141.8996567982077,144.01624946103246,139.67527427888382,142.0662384033203,118931200
2021-07-29,141.78207790616358,143.60469693299768,141.67428804616338,142.71298217773438,56699500
2021-07-30,141.4782919442919,143.38909834548167,141.21371414962817,142.9285430908203,70440600
2021-08-02,143.418481662853,143.99662035248164,142.33078966013647,142.59536743164062,62880000
2021-08-03,142.87954029235215,145.0647180561516,142.2621971091317,144.3983917236328,64786600
2021-08-04,144.31018840207938,144.8197267354332,143.34007992721791,143.99661254882812,56368300
2021-08-05,144.0260371733782,144.86875375710454,143.2323186955207,144.10443115234375,46397700
2021-08-06,143.62357485707724,144.36941102647455,142.9169869178482,143.41748046875,54126800
2021-08-09,143.47632901312474,143.9670141431112,142.80900442411368,143.36837768554688,48908700
2021-08-10,143.71185961055318,144.95820400187984,142.59309814162447,142.88751220703125,69023100
2021-08-11,143.32917826290446,143.98669476400684,142.81886136110603,143.14271545410156,48493500
2021-08-12,143.46651434782166,146.273233766027,143.123028782234,146.1162109375,72282600
2021-08-13,146.19475896699817,146.6560042822418,145.5078026382922,146.3223419189453,59375000
2021-08-16,145.77273511641434,148.37337534872952,143.74130641918998,148.30467224121094,103296000
2021-08-17,147.4312770374107,148.85426118078644,146.31251533457103,147.39202880859375,92229700
2021-08-18,147.00930937577087,147.91216847248862,143.42729793250948,143.63339233398438,86326000
2021-08-19,142.328139087416,145.24281019262168,141.808014005634,143.96702575683594,86960300
2021-08-20,144.69327810851246,145.7335285086771,144.04556994347644,145.42930603027344,60549600
2021-08-23,145.54704713474933,147.3920283484006,145.1348733480979,146.9209747314453,60131800
2021-08-24,146.66581042238676,148.04954634761012,146.37139629315473,146.8326416015625,48606400
2021-08-25,147.0190838087262,147.519592250737,145.04653487560168,145.59609985351562,58991300
2021-08-26,145.58628909382776,146.34193343849523,144.76192666629242,144.79136657714844,48597200
2021-08-27,144.73250473188153,145.97884935283636,144.0946199514099,145.83164978027344,55802400
2021-08-30,146.2241695758551,150.6305274592708,145.84143577124814,150.2674102783203,90956700
2021-08-31,149.8160040465339,149.9533952991406,148.47151645903594,149.00146484375,86453100
2021-09-01,149.98285372785378,152.0927942907588,149.50197679710354,149.66880798339844,80313700
2021-09-02,151.00345455998809,151.8376253671697,149.560838913159,150.7875518798828,71115500
2021-09-03,150.89551239584583,151.74931485528106,150.2379960026413,151.4254608154297,57808700
2021-09-07,152.08297672118582,154.33030841689003,151.5137800748948,153.77093505859375,82278300
2021-09-08,154.0555098943376,154.1143897180931,151.11139891038036,152.22035217285156,74420200
2021-09-09,152.59328165383056,153.20172648114232,151.08196292373444,151.19973754882812,57305700
2021-09-10,152.11241016755477,152.58346376101343,145.92977372713005,146.1947479248047,140893200
2021-09-13,147.82381299473937,148.5990889424979,145.9788320399669,146.76393127441406,102404300
2021-09-14,147.5490317533872,148.25561957289722,144.17311549895538,145.36056518554688,109296300
2021-09-15,145.79238629928224,146.65599705539884,143.64318269682568,146.25363159179688,83281300
2021-09-16,145.674611041655,146.19473610738382,144.4773380668959,146.01808166503906,68034100
2021-09-17,146.04758173185846,146.04758173185846,143.0445750791735,143.3389892578125,129868800
2021-09-20,141.12109417657655,142.14171300384132,138.63822777586256,140.27711486816406,123478900
2021-09-21,141.24863503100102,141.90616637912737,140.1200650564419,140.75794982910156,75834000
2021-09-22,141.7589460412651,143.7020551685205,141.02291826849162,143.13287353515625,76404300
2021-09-23,143.9179500495402,144.3399470698202,142.92677142673216,144.0946044921875,64838200
2021-09-24,142.94641630674622,144.7226943379148,142.8482732767658,144.1829376220703,53477900
2021-09-27,142.75993195557527,143.24080877055397,141.1406770273248,142.6617889404297,74150700
2021-09-28,140.58131390847566,142.05336955149633,139.05037843565805,139.2662811279297,108972300
2021-09-29,139.81586493483022,141.7589744515087,139.38405949234024,140.16915893554688,74602000
2021-09-30,140.98367044588636,141.6902583077313,138.64800418175875,138.86390686035156,89056700
2021-10-01,139.25643446026405,140.2574363223273,136.5184180127203,139.99246215820312,94639600
2021-10-04,139.11905228846942,139.56068091563057,135.69407942788672,136.54786682128906,98322000
2021-10-05,136.89134039591275,139.59010856039754,136.76375747265385,138.4811553955078,80861100
2021-10-06,136.87170307195586,139.501768021723,135.79218986151662,139.3545684814453,83221100
2021-10-07,140.39483345627966,141.5332266041183,140.06117114642012,140.62054443359375,61732700
2021-10-08,141.34677682476803,141.49397639424066,139.90416114584096,140.23782348632812,58773200
2021-10-11,139.61958738462852,142.11226190434272,139.16815035886378,140.14952087402344,64452200
2021-10-12,140.56169197186182,140.58132357465212,138.41248818935148,138.8737335205078,73035900
2021-10-13,138.60875085656076,138.76575872878743,136.60674699681144,138.28489685058594,78762700
2021-10-14,139.4625622924774,141.1995922695785,138.8737340029269,141.08181762695312,69907100
2021-10-15,141.09163451508613,142.20057294661328,140.83646861307787,142.14169311523438,67940300
2021-10-18,140.7775702194293,144.10441502439815,140.49297941378114,143.81982421875,85589200
2021-10-19,144.2712493533105,146.39101289718135,143.81982737932438,145.9886474609375,76378900
2021-10-20,145.92982017958295,146.96026241008525,145.36062337630997,146.47938537597656,58418800
2021-10-21,146.03773505673811,146.85227433157712,145.1152444328355,146.69525146484375,61421000
2021-10-22,146.90133805459163,147.38219996847627,145.87089613630118,145.9199676513672,58883400
2021-10-25,145.91014361287867,146.5872915835432,144.86989338673706,145.8708953857422,50720600
2021-10-26,146.54804683877686,148.02991078440542,146.23400111612685,146.53823852539062,60893400
2021-10-27,146.57748938272076,146.9405916533393,145.72370189255298,146.07699584960938,56094900
2021-10-28,147.0289379884622,150.316520234439,146.93079494698944,149.7277069091797,100077900
2021-10-29,144.47737010607145,147.14669913605402,143.6824623755483,147.00930786132812,124953200
2021-11-01,146.21436117463696,146.91112567706168,145.0465281633518,146.18492126464844,74588300
2021-11-02,145.89052488768692,148.7463162991763,145.8807016001512,147.22518920898438,69122000
2021-11-03,147.58828751986294,149.1388544822275,147.0289142026338,148.6678009033203,54511500
2021-11-04,148.75613470689277,149.5902906052328,147.8336440873552,148.14768981933594,60394600
2021-11-05,149.2779313873801,149.58259788595123,147.47940028676322,148.6784210205078,65463900
2021-11-08,148.80614872335738,148.96340074214248,147.5776454448072,147.8528289794922,55020900
2021-11-09,147.61696617879937,148.8258093306056,147.47937439726354,148.2164764404297,56787900
2021-11-10,147.4400666143663,147.54817551221967,145.30738653523977,145.3761749267578,65187100
2021-11-11,146.3983080486063,146.86021155645847,145.14030669919578,145.32704162597656,41000000
2021-11-12,145.8773986754407,147.81352120891913,144.9437391025949,147.41058349609375,63804000
2021-11-15,147.78408825840802,149.26813044581564,146.8602510018088,147.4204559326172,59222800
2021-11-16,147.36144499767522,148.88479224149762,146.77175735607312,148.40321350097656,59256200
2021-11-17,148.40320352046666,152.33441420975052,148.39338089243975,150.8503875732422,88807000
2021-11-18,151.0665970606914,155.94128964959728,150.41794373346818,155.15504455566406,137827700
2021-11-19,154.9388192362829,158.25087409630834,153.8380851561955,157.78895568847656,117305600
2021-11-22,158.89953867509402,162.85040986078795,158.23124001490817,158.2509002685547,117467900
2021-11-23,158.34914938157195,159.01746294460062,156.32457843434605,158.63417053222656,96041900
2021-11-24,157.98556772889597,159.35166317347716,156.89465589931083,159.1551055908203,69463600
2021-11-26,156.82581063613492,157.69066668554564,153.67100784147934,154.11326599121094,76959800
2021-11-29,156.62921986920466,158.4179275060406,156.05919265514842,157.48426818847656,88748200
2021-11-30,157.23861066878493,162.673508444908,157.1698072809554,162.45729064941406,174048100
2021-12-01,164.59978822518326,167.3712989739356,161.7005233258962,161.9364013671875,152052500
2021-12-02,156.0101124031017,161.3762069674829,155.08627542774454,160.9437713623047,136739200
2021-12-03,161.19931100266786,162.1231479856483,156.97325618498053,159.05679321289062,118023100
2021-12-06,161.4646737543423,164.99294738585093,161.4548511245319,162.4769744873047,107497000
2021-12-07,166.17228359031526,168.62929035916358,165.44500418803963,168.2361602783203,120405400
2021-12-08,169.16982694435688,172.93396293794615,167.76441134011625,172.069091796875,116998900
2021-12-09,171.9020161028415,173.71036939014843,170.9290360750293,171.5580291748047,108923700
2021-12-10,172.19684872711986,176.54083438380087,171.68578718034047,176.36392211914062,115402700
2021-12-13,178.00519524766332,178.99783543305975,172.51133252468716,172.7177276611328,153237000
2021-12-14,172.23616209992724,174.68334606426572,169.248448682449,171.3319854736328,139380400
2021-12-15,172.0985915209184,176.41309502787303,169.34674079975917,176.21653747558594,131063300
2021-12-16,176.19682385595584,178.0248370316896,167.81352007058763,169.29754638671875,150185800
2021-12-17,167.00765577116044,170.48678573043304,166.77179272061935,168.1968536376953,195432700
2021-12-20,165.38605867263166,167.6465081759867,164.5801681519043,166.83078002929688,107499100
2021-12-21,168.60961436850548,170.22141005857458,166.21157358651485,170.01502990722656,91185900
2021-12-22,170.06418314156005,172.83569412545992,169.18948928424598,172.61947631835938,92135300
2021-12-23,172.82584567773912,173.80864829178057,172.25581836202977,173.24844360351562,68356600
2021-12-27,174.0445345083678,177.3172694486978,174.02488925086175,177.22882080078125,74919600
2021-12-28,177.0617441326432,178.21162153170226,175.45977087759823,176.20669555664062,79144300
2021-12-29,176.2460228777558,177.52366948045372,175.076485179818,176.295166015625,62348900
2021-12-30,176.38360063165865,177.46468959324108,175.02732811556052,175.13543701171875,59773000
2021-12-31,175.02734303358918,176.1477376000055,174.21161492875567,174.51629638671875,64062300
2022-01-03,174.77179035001552,179.7349465415521,174.65385883537695,178.87989807128906,104487900
2022-01-04,179.4892694890775,179.79393593953884,176.0396222685355,176.60964965820312,99310400
2022-01-05,176.52121279952414,177.07157997213048,171.63668164807183,171.911865234375,94537600
2022-01-06,169.73001206789144,172.28530491748282,168.68824367419558,169.04205322265625,96904000
2022-01-07,169.91674077523325,171.14524402422893,168.08872734087262,169.20912170410156,86709100
2022-01-10,166.1722734494287,169.53345670452697,165.27791944101605,169.22879028320312,106765600
2022-01-11,169.35656184948618,172.1673630652104,167.88235785704865,172.069091796875,76138300
2022-01-12,173.09120251884048,174.13297095610363,171.8135710369917,172.5113525390625,74805200
2022-01-13,172.7570481888216,173.5825988136433,168.83566022635117,169.22879028320312,84505800
2022-01-14,168.3934444180105,170.7914858810585,168.14774369427823,170.0937042236328,80440800
2022-01-18,168.56048225619764,169.57276781693594,166.4966056259258,166.87989807128906,90956700
2022-01-19,167.07646257144611,168.13789130970082,163.0862859235723,163.3712921142578,94815000
2022-01-20,164.10837074224375,166.7619347111161,161.35652051674097,161.68084716796875,91420500
2022-01-21,161.59243259966877,163.4695895238368,159.50889548799853,159.61700439453125,122848900
2022-01-24,157.26808565686596,159.50887451917274,152.0395683138979,158.84056091308594,162294600
2022-01-25,156.24598134135783,159.9609746399648,154.3196962957588,157.0322265625,115798400
2022-01-26,160.6882317654177,161.56292551584528,155.1059199641222,156.94375610351562,108275300
2022-01-27,159.65632159719763,161.0224169726523,155.55803547083363,156.48187255859375,121954600
2022-01-28,162.86022878833853,167.42043234611594,160.00026956448573,167.40077209472656,179935700
2022-01-31,167.23370276509192,171.9904639988434,166.59487204384064,171.7742462158203,115541600
2022-02-01,171.01747491741384,171.83320287445497,169.34671349776292,171.60716247558594,86213900
2022-02-02,171.7447582622127,172.8553300243515,170.34918033798783,172.81600952148438,84914300
2022-02-03,171.47940471663034,173.20914700397037,169.1599898283705,169.92657470703125,89418100
2022-02-04,168.9425345214472,171.32396054369477,167.9584796418521,169.64122009277344,82465400
2022-02-07,170.1037296917855,171.17634592324976,168.22418123926562,168.92286682128906,77251200
2022-02-08,168.9917215679186,172.55401004838063,168.69650213361186,172.04229736328125,74829200
2022-02-09,173.24284884864312,173.83327271357754,172.11117683042102,173.46917724609375,71285000
2022-02-10,171.36331383328056,172.68194375053233,168.8146153330359,169.37551879882812,90865900
2022-02-11,169.5821531192089,170.32019416538782,165.3605499263947,165.95098876953125,98670700
2022-02-14,164.7012169615885,166.87598427882688,163.90413512178264,166.18714904785156,86185500
2022-02-15,168.2438788430367,170.19230347259372,167.53535806583648,170.03485107421875,62527400
2022-02-16,169.1098401120767,170.57607229918491,167.33853829378842,169.79867553710938,61177400
2022-02-17,168.30286047487903,169.16883334552335,165.7836830498939,166.18714904785156,69589300
2022-02-18,167.11217679103845,167.8206823626154,163.54005341590076,164.63235473632812,82772700
2022-02-22,162.3493702057695,164.03211066057264,159.56449308823295,161.6999053955078,91162800
2022-02-23,162.90043598288878,163.50071005203375,157.20276491304196,157.51766967773438,90009200
2022-02-24,150.14708038143124,160.25332719300383,149.57632680623354,160.14508056640625,141147500
2022-02-25,161.22754578023935,162.48713480856267,158.30490162446958,162.22145080566406,91974200
2022-02-28,160.45998619224247,162.78235630766343,159.84002681342048,162.4871368408203,95056600
2022-03-01,162.07383007117033,163.94354328714707,159.3873645469528,160.59774780273438,83474400
2022-03-02,161.76876250392863,164.69140636238802,160.35172123734418,163.90415954589844,79724800
2022-03-03,165.78371011148872,166.21669661748916,162.91027195360368,163.5794219970703,76678400
2022-03-04,161.86716622434736,162.91026182459296,159.51527604524227,160.56820678710938,83737200
2022-03-07,160.75519357831982,162.38872815867046,156.5040696124171,156.7599334716797,96418800
2022-03-08,156.28758103481016,160.28284087725882,153.31573151528343,154.92958068847656,131148300
2022-03-09,158.90519879842833,160.80443277563816,156.86821273593628,160.3517608642578,91454900
2022-03-10,157.64559087729302,157.83256370946663,153.49287802702014,155.9923858642578,105342000
2022-03-11,156.3958451472846,156.74027038411012,152.03648894987714,152.2628173828125,96970100
2022-03-14,149.03509000440232,151.66251440478936,147.70662509120922,148.21832275390625,108732100
2022-03-15,148.49385829575584,153.089407270085,147.98216062819657,152.61705017089844,92964300
2022-03-16,154.54581073699606,157.44876942008187,151.99711238572482,157.04530334472656,102300200
2022-03-17,156.08093884327653,158.4328293113158,155.1165693039783,158.0588836669922,75615400
2022-03-18,157.9506540620346,161.8573534009996,157.21261285213674,161.36532592773438,123511700
2022-03-21,160.90280343219604,163.69753062342352,160.410776006235,162.7429962158203,95811400
2022-03-22,162.87087929684475,166.71853657216013,162.28045551765337,166.12811279296875,81532000
2022-03-23,165.31138391398235,169.88723307812018,164.9767938445975,167.49598693847656,98062700
2022-03-24,168.33240391380366,171.363294359729,167.49596638171184,171.29441833496094,90131400
2022-03-25,171.10747947713025,172.48515040066314,169.99549257889427,171.93408203125,80546200
2022-03-28,169.42468778433178,172.92791994610408,169.25740029520023,172.8000030517578,90371900
2022-03-29,173.8726518827145,176.15565130084448,173.52822668291532,176.10646057128906,100589400
2022-03-30,175.70301699368227,176.74611285404396,173.88250930234273,174.93545532226562,92633200
2022-03-31,175.0042983977884,175.19127120838715,171.6191475535364,171.8258056640625,103049300
2022-04-01,171.2550749570232,172.09152763755276,169.19840379678678,171.53060913085938,78751300
2022-04-04,171.78648438629216,175.64397809076996,171.6585524344424,175.5947723388672,76468400
2022-04-05,174.66975804019478,175.4570050231917,171.63886691572336,172.26866149902344,73401800
2022-04-06,169.6116814961237,170.86143526379934,167.41724355380708,169.0901336669922,89058800
2022-04-07,168.4308330803216,170.59575076458447,167.14172361896223,169.39520263671875,77594700
2022-04-08,169.0409389910171,169.0409389910171,166.5020757053073,167.3778839111328,76575500
2022-04-11,166.0198795202021,166.33476922464124,162.8610572412183,163.10707092285156,72246700
2022-04-12,165.34090892509556,167.1614014854587,163.98290835466773,164.9866485595703,79265200
2022-04-13,164.72093797881234,168.3127321148904,164.11082878699807,167.6829376220703,70618900
2022-04-14,167.89941732735232,168.53906192676106,162.40838999801636,162.65440368652344,75329400
2022-04-18,161.30625525719185,163.94352983512067,160.96184509877446,162.43792724609375,69023900
2022-04-19,162.38874866299832,165.14410546856962,161.2964470906838,164.7307891845703,67723800
2022-04-20,166.06907917381437,166.1871759578773,163.45150487225482,164.5634765625,67929800
2022-04-21,166.21670513338208,168.7949239860417,163.26454063992998,163.7664031982422,87227800
2022-04-22,163.80576949112535,165.1932753547798,158.92485105020066,159.21022033691406,84882400
2022-04-25,158.55092119216803,160.56823674674308,155.9333465615322,160.28286743164062,96046400
2022-04-26,159.66291644791357,159.75147779014623,154.22109374803105,154.29981994628906,95623200
2022-04-27,153.42399128149194,157.24211378977282,152.9024434257798,154.07347106933594,88063200
2022-04-28,156.710745963074,161.8967195942573,156.3958411813348,161.03074645996094,130216800
2022-04-29,159.2594694032757,163.54995012197787,154.7426602221308,155.1362762451172,131747600
2022-05-02,154.21124610323508,155.70699870242646,150.8260949299853,155.44131469726562,123055300
2022-05-03,155.62824765941318,158.1474403507243,153.8274407389376,156.93704223632812,88966500
2022-05-04,157.12403328379716,163.82544428980776,156.7205671988061,163.37278747558594,108256500
2022-05-05,161.23740483289234,161.46373326041538,152.47930702556806,154.27029418945312,130525300
2022-05-06,153.74796732614354,157.1282427342657,151.9444991405495,154.9995574951172,116124600
2022-05-09,152.68359108165603,153.57055058807703,149.293481863643,149.85520935058594,131577900
2022-05-10,153.26504901265346,154.46736088090017,150.71259117184084,152.26968383789062,115366700
2022-05-11,151.27435948498825,153.1960828683304,143.6958565940324,144.3758544921875,142689800
2022-05-12,140.6999427258126,144.08020299470905,136.78750364436277,140.49298095703125,182602000
2022-05-13,142.4935240941809,145.9526407258744,141.03498745815705,144.97698974609375,113990900
2022-05-16,143.43962842487466,145.38106598701418,142.08948225415682,143.4297637939453,86643800
2022-05-17,146.7016005903777,147.59840962723905,144.55320174589355,147.0760955810547,78336300
2022-05-18,144.72079733304852,145.22339732349553,137.8715547980024,138.77822875976562,109742900
2022-05-19,137.85182041341724,139.6060101724561,134.61937984366847,135.35850524902344,136095600
2022-05-20,137.07328272324338,138.65993938193793,130.68724267872005,135.59503173828125,137426100
2022-05-23,135.79213279876197,141.18282274987226,135.65416330433425,141.03500366210938,117726300
2022-05-24,138.76834717267448,139.91153156082976,135.3388090457555,138.3248748779297,104132700
2022-05-25,136.42285136269513,139.73413423560646,136.33415991086508,138.48255920410156,92482700
2022-05-26,135.3979626037819,142.24719057579537,135.15158738869113,141.6953125,90601500
2022-05-27,143.28195857644457,147.509750328954,143.15383866233717,147.4703369140625,90978500
2022-05-31,146.90860654542266,148.47554915584195,144.71092900811684,146.6819305419922,103718400
2022-06-01,147.7265663476628,149.5398992781837,145.53875333248308,146.5538330078125,74286600
2022-06-02,145.68656579095972,149.07669050037924,144.73062893844732,149.01756286621094,72348100
2022-06-03,144.770044944171,145.82453789756687,142.3654358987846,143.2720947265625,88570300
2022-06-06,144.89815206168706,146.41583140720172,142.799030970996,144.02105712890625,71598400
2022-06-07,142.25704884726255,146.83962162801657,142.01067364318868,146.5538330078125,67808200
2022-06-08,146.4256722718094,147.69696135392218,145.32191647725907,145.81466674804688,53950200
2022-06-09,144.9474644884546,145.80484540213257,140.4634326856499,140.57183837890625,69473000
2022-06-10,138.2460293933542,138.71906549283727,135.07271611079338,135.14170837402344,91437900
2022-06-13,130.9434397750269,133.23965762444672,129.53418135174823,129.96780395507812,122207100
2022-06-14,131.1997285355144,131.9487037426672,129.5736431654767,130.8350830078125,84784300
2022-06-15,132.3428841585756,135.34866434133303,130.24377786500034,133.4663543701172,91533000
2022-06-16,130.16494057459525,130.47044340040713,127.16900988024103,128.17422485351562,108123900
2022-06-17,128.18407944512376,131.15043105016284,127.92783964673345,129.6524658203125,134520300
2022-06-21,131.48550486996535,135.07272690596213,131.3869638200352,133.8999786376953,81000500
2022-06-22,132.8356344352228,135.76257275465719,131.96840403366457,133.3875274658203,73409200
2022-06-23,134.83620952437622,136.58053489148253,133.66346131552876,136.2651824951172,72433800
2022-06-24,137.87155753149082,139.85242378689094,137.74345265151274,139.60604858398438,89116800
2022-06-27,140.6309628115541,141.40951687376628,138.92605061795442,139.60604858398438,70207900
2022-06-28,140.06922057977073,141.34050987783795,135.32896457557,135.4472198486328,67083400
2022-06-29,135.46693252662052,138.63038134531047,134.6883785543866,137.2112579345703,66242400
2022-06-30,135.25996980273172,136.36372576433453,131.8304316095035,134.73765563964844,98964500
2022-07-01,134.06749230384347,137.02399404422195,133.69301230892643,136.91558837890625,71051600
2022-07-05,135.7724654674607,139.5567853775505,134.9446332691187,139.50750732421875,73353800
2022-07-06,139.3004894555688,142.03031477378252,139.03440013342643,140.84771728515625,74064300
2022-07-07,141.21236775834944,144.42510918824107,141.20251816632623,144.22801208496094,66253700
2022-07-08,143.1538148575739,145.4106197017086,142.89759010951482,144.9080047607422,64547800
2022-07-11,143.5578737194986,144.51381052529135,141.6952781464939,142.76947021484375,63141600
2022-07-12,143.64656111311933,146.29756011597522,142.94686411267188,143.7451171875,77588800
2022-07-13,140.91675656689353,144.3265807145126,140.0593606954875,143.38050842285156,71185600
2022-07-14,141.9909289473083,146.79031208077845,141.17296164080028,146.31727600097656,78140700
2022-07-15,147.60827013580402,148.67261252680902,146.05117747327142,147.99261474609375,76259900
2022-07-18,148.55436158747918,149.37232886647305,144.57293085689554,144.9375762939453,81420900
2022-07-19,145.77524895701922,149.03725358197892,144.7798987508147,148.8105926513672,82982400
2022-07-20,148.92887000877803,151.49117799927419,148.18974443892895,150.82102966308594,64823400
2022-07-21,152.25985260020167,153.3143455287886,149.73697330616696,153.0975341796875,65086600
2022-07-22,153.13694301712763,154.01403798046638,151.18565597102892,151.8557891845703,66675400
2022-07-25,151.7769586670234,152.7920231935369,150.07204665223094,150.73233032226562,53623900
2022-07-26,150.05232023117222,150.87028755705626,148.61349773507445,149.4019012451172,55138700
2022-07-27,150.36768298523742,155.04881082380393,149.9537745387539,154.51663208007812,78620700
2022-07-28,154.70391221573936,155.35434635629224,152.17118296547585,155.0685577392578,81378700
2022-07-29,158.9021570896982,161.25750343998283,157.18738025521455,160.1537322998047,101786900
2022-08-01,158.6754625398599,161.2180561543135,158.55720726769144,159.168212890625,67829400
2022-08-02,157.77867842117527,160.0551827813026,157.31549185882793,157.68997192382812,59907000
2022-08-03,158.50795957003297,164.17458968865714,158.41926809892743,163.7212677001953,82507500
2022-08-04,163.60296566260632,164.76586430720064,162.04587275334626,163.40586853027344,55474100
2022-08-05,161.06699370571175,163.6723288419394,160.85974446443265,163.17889404296875,56697000
2022-08-08,164.18550472324978,165.60659947941937,162.04399931317954,162.7052001953125,60276900
2022-08-09,161.86634007237882,163.64270818917976,161.1064463388297,162.7545166015625,63135500
2022-08-10,165.4782929876242,167.11650019395563,164.7085358778416,167.017822265625,70170500
2022-08-11,167.8270416248752,168.74483818248612,165.9816002931334,166.2776641845703,57149200
2022-08-12,167.59019436587388,169.9093287754835,167.17569590306383,169.8402557373047,68039400
2022-08-15,169.2678689938365,171.1133102288565,169.10010297778325,170.9159393310547,54091700
2022-08-16,170.5113239880509,171.42912052331732,169.40603488259293,170.75804138183594,56377100
2022-08-17,170.5014454179234,173.83705404292962,170.30407453228813,172.25807189941406,79542000
2022-08-18,171.4686004513763,172.60349451732048,170.8468677576589,171.86334228515625,62290100
2022-08-19,170.75802023609415,171.45870417338608,169.06060357237703,169.26785278320312,70346300
2022-08-22,167.461909771558,167.62967580149297,164.94538920566245,165.3697509765625,69026800
2022-08-23,164.88618577839446,166.494788154392,164.46182399117447,165.03421020507812,54147100
2022-08-24,165.12301180960134,165.90263208814247,164.0670542175665,165.3302459716797,53841500
2022-08-25,166.56385255540565,167.9059958352742,166.13950584864693,167.7974395751953,51218200
2022-08-26,168.33034343433388,168.80403659370677,161.41237837214825,161.47158813476562,78961000
2022-08-29,159.0340260013609,160.76104775775735,157.72150271792214,159.26101684570312,73314000
2022-08-30,160.00117720950024,160.42552392043874,155.64907854678992,156.82345581054688,77906200
2022-08-31,158.2050475383872,158.47150652042689,155.07667302243541,155.15562438964844,87991100
2022-09-01,154.58325022090398,156.3398768664933,152.6391159459931,155.88592529296875,74229900
2022-09-02,157.65239775798332,158.2543887367361,152.93516289828764,153.76412963867188,76957800
2022-09-06,154.4154753271388,155.0273296121399,151.6719792603848,152.50094604492188,73714800
2022-09-07,152.78718524936798,154.61288529155274,151.59306620015846,153.91221618652344,87449600
2022-09-08,152.6095446183948,154.30696187182605,150.6752731929366,152.43191528320312,84923800
2022-09-09,153.42861893209738,155.74776853082003,152.71807161072002,155.3036651611328,68028800
2022-09-12,157.49451256385936,162.10319169268726,157.20832701154205,161.28408813476562,104956000
2022-09-13,157.80043436290458,158.4320302699307,151.35617743298022,151.82000732421875,122656600
2022-09-14,152.75754500619573,155.037226524522,151.5930460586156,153.27072143554688,87965400
2022-09-15,152.61938532747467,153.2016498653033,149.39233241450626,150.36932373046875,90481100
2022-09-16,149.22456559759132,149.36272674550892,146.4218443622924,148.72125244140625,162278800
2022-09-19,147.34950026158054,152.530565756339,147.142266074514,152.4516143798828,81474200
2022-09-20,151.38577010052077,156.00432703299086,151.06997970170357,154.83981323242188,107689800
2022-09-21,155.27406232514645,156.6556888275703,151.5831795854477,151.70159912109375,101696800
2022-09-22,150.3791624524531,152.44171586333132,148.9284632446179,150.73443603515625,86652500
2022-09-23,149.20480341314504,149.4811256708757,146.60933178685332,148.45477294921875,96029900
2022-09-26,147.69491830315658,151.7509532458143,147.67517669341092,148.79034423828125,93339400
2022-09-27,150.734477091982,152.68847479986027,147.98110231146464,149.767333984375,84442700
2022-09-28,145.70138803304184,148.66199603836654,142.9381508830526,147.87249755859375,146691400
2022-09-29,144.18165483368003,144.79350916804302,138.83280834097133,140.6091766357422,128138200
2022-09-30,139.42493615755308,141.2210460611346,136.18800506786133,136.3853759765625,124925300
2022-10-03,136.39524222216883,141.19142866488522,135.88206585827712,140.57955932617188,114311700
2022-10-04,143.125713321253,144.30009068947933,142.36581942561767,144.18167114257812,87830100
2022-10-05,142.17829892107557,145.44483462169993,141.13220458118386,144.47769165039062,79471000
2022-10-06,143.8954467664891,145.60272687269935,143.31319734564778,143.5204315185547,68402200
2022-10-07,140.6683921871329,141.22105183590455,137.61896860646343,138.2505645751953,85925600
2022-10-10,138.57620239257812,140.02690164719857,136.75050299743356,138.57620239257812,74899000
2022-10-11,138.06303899554518,139.49401183769913,136.40510543994947,137.15512084960938,77033700
2022-10-12,137.30314907900447,138.51699426564903,136.34588452399208,136.5235137939453,70433700
2022-10-13,133.21753108987443,141.7046005106399,132.6056617056489,141.11248779296875,113224000
2022-10-14,142.41514824444727,142.62239748423457,136.37551116721934,136.56301879882812,88598000
2022-10-17,139.21769847828358,141.02365655306738,138.4281998048671,140.54010009765625,85250900
2022-10-18,143.5796769966995,144.77378089201514,138.7637480781357,141.86251831054688,99136600
2022-10-19,139.8295639891064,143.04675364711534,139.64205634508835,141.9710693359375,61758300
2022-10-20,141.14209572929755,143.97440668910568,140.77694373414428,141.50723266601562,64522000
2022-10-21,140.99403842665825,145.90865930136042,140.77692593540152,145.33627319335938,86548600
2022-10-24,145.25732078304517,148.25739736853123,144.08294369562876,147.48764038085938,75981900
2022-10-25,148.11924989222194,150.4877458912043,147.39883932372416,150.33970642089844,74732300
2022-10-26,148.97782224560154,149.99429659795183,146.09615013348827,147.3889617919922,88194300
2022-10-27,146.12576416144415,147.09289198935082,142.23749618636535,142.89869689941406,109180200
2022-10-28,146.25407807739884,155.43196876876547,145.87907785280416,153.69508361816406,164762400
2022-10-31,151.14892407706145,152.21474485834912,149.92520057444992,151.32655334472656,97943200
2022-11-01,153.04371444627304,153.408851320098,147.17184429440783,148.671875,80379300
2022-11-02,146.9942290649959,150.17195049314788,143.09609701993313,143.12570190429688,93604600
2022-11-03,140.1946956802254,140.92498461939732,136.92815965034873,137.05645751953125,97918500
2022-11-04,140.456901891493,141.03023754059535,132.83552430474884,136.78955078125,140814800
2022-11-07,135.53415428478314,137.55070131674174,134.1107022229699,137.32334899902344,83374600
2022-11-08,138.796212085486,139.8044779338877,135.9097746908865,137.89666748046875,89908500
2022-11-09,136.90815350204326,136.95758184489978,133.04308937521566,133.3198699951172,74917800
2022-11-10,139.61669377296678,145.18197631835938,137.8966866598679,145.18197631835938,118854000
2022-11-11,144.1440507641814,148.28588106740983,142.71070401695297,147.9794464111328,93979700
2022-11-14,147.25783186642536,148.5527731206919,145.73552323030617,146.5757598876953,73374100
2022-11-15,150.47048891741846,151.82473825025608,146.85255082741247,148.31553649902344,89868300
2022-11-16,147.41599873753398,148.14748399123684,145.5971350727314,147.07989501953125,64218300
2022-11-17,144.74704454265256,149.73900693584756,144.4702638433015,148.9877471923828,80389400
2022-11-18,150.5594437144723,150.94496070019653,148.246341800127,149.55116271972656,74829600
2022-11-21,148.43416682216127,148.6417447784354,146.02220810744817,146.30886840820312,58724100
2022-11-22,146.42747688170903,148.6911501950918,145.24125698087363,148.4539031982422,51804100
2022-11-23,147.73233375155243,150.08498469071404,147.62359740352187,149.33372497558594,58301400
2022-11-25,146.6054131493823,147.16886915801885,145.4290878682615,146.40771484375,35195900
2022-11-28,143.47184797217477,144.95460787890806,141.73208177830335,142.5624237060547,69246000
2022-11-29,142.6316213475949,143.14564904140522,138.73691772229893,139.5474853515625,83763800
2022-11-30,139.77482505617792,147.01070049689147,138.93460350915308,146.32862854003906,111380900
2022-12-01,146.5066118529032,147.41603637579163,144.92499480579926,146.60545349121094,71250400
2022-12-02,144.2824471593233,146.2989942268281,143.97599740675216,146.11117553710938,65447400
2022-12-05,146.07162962618466,149.18541949197922,144.09461635687657,144.94473266601562,68826400
2022-12-06,145.3796777864446,145.60703008872727,140.28885957535718,141.26748657226562,64727200
2022-12-07,140.55576270463825,141.72219330934035,138.39093073198447,139.32012939453125,69721100
2022-12-08,140.72382246539036,141.87049392300491,139.47830938217072,141.01048278808594,62128300
2022-12-09,140.70401646542416,143.89690343111556,139.2805646427551,140.52609252929688,76097000
2022-12-12,141.05991017433828,142.83922534059286,139.43875970806542,142.829345703125,70462700
2022-12-13,147.78174582279246,148.24634516014598,142.58220621584587,143.79806518554688,93886200
2022-12-14,143.67942923603562,144.97437036858227,139.53758448888027,141.56402587890625,82291200
2022-12-15,139.48816842184618,140.17024039649047,134.46655303010576,134.93115234375,98931900
2022-12-16,135.11898755239025,136.06794556798988,132.1930009902241,132.9640350341797,160156900
2022-12-19,133.55716229440299,133.64612429167383,129.8107279362941,130.84864807128906,79592600
2022-12-20,129.87988952300458,131.7185125149171,128.39712953221752,130.77943420410156,77432800
2022-12-21,131.45162141055363,135.23760401600552,131.2242690848365,133.8932342529297,85928000
2022-12-22,132.8058800384377,133.01345799694343,128.80242492111796,130.71023559570312,77852100
2022-12-23,129.4152989435447,130.8980590346716,128.150011539123,130.34449768066406,63814900
2022-12-27,129.86999709579138,129.8996510860134,127.24056601774359,128.53550720214844,69007800
2022-12-28,128.17966147970347,129.52403118980348,124.4233405593597,124.59138488769531,85438400
2022-12-29,126.51897766739482,128.98035737968635,126.26197134070489,128.120361328125,75703700
2022-12-30,126.93414153068441,128.45643512279935,125.9654017030859,128.43666076660156,77034200
