Price,Close,High,Low,Open,Volume
Ticker,AAPL,AAPL,AAPL,AAPL,AAPL
Date,,,,,
2020-01-02,72.716072,72.776598,71.466812,71.721019,135480400
2020-01-03,72.009117,72.771745,71.783962,71.941328,146322800
2020-01-06,72.582893,72.621631,70.876060,71.127851,118387200
2020-01-07,72.241554,72.849231,72.021238,72.592601,108872000
2020-01-08,73.403664,73.706294,71.943774,71.943774,132079200
2020-01-09,74.962791,75.156472,74.132375,74.384158,170108400
2020-01-10,75.132271,75.698802,74.628697,75.197644,140644800
2020-01-13,76.737434,76.764070,75.330808,75.449444,121532000
2020-01-14,75.701210,76.885104,75.577742,76.674475,161954400
2020-01-15,75.376793,76.383948,74.943424,75.500269,121923600
2020-01-16,76.320999,76.432373,75.558372,75.921528,108829200
2020-01-17,77.165947,77.168363,76.262895,76.570365,137816400
2020-01-21,76.643013,77.236165,76.505012,76.793117,110843200
2020-01-22,76.916588,77.471002,76.822164,77.129634,101832400
2020-01-23,77.286995,77.366886,76.420257,76.969839,104472000
2020-01-24,77.064255,78.279616,76.872990,77.533938,146537600
2020-01-27,74.798172,75.480901,73.812805,75.066904,161940000
2020-01-28,76.914169,77.086061,75.582595,75.681858,162234000
2020-01-29,78.524155,79.373944,77.807528,78.550790,216229200
2020-01-30,78.410362,78.463626,77.170789,77.604158,126743200
2020-01-31,74.933754,78.122266,74.638386,77.698583,199588400
2020-02-03,74.727943,75.897304,73.168791,73.672364,173788400
2020-02-04,77.195000,77.386264,75.931214,76.337948,136616400
2020-02-05,77.824471,78.625836,77.219209,78.325621,118826800
2020-02-06,78.734795,78.737218,77.536382,78.095643,105425600
2020-02-07,77.664558,78.482385,77.171920,78.232426,117684000
2020-02-10,78.033432,78.033432,76.164808,76.244889,109348800
2020-02-11,77.562637,78.603732,77.344228,78.530932,94323200
2020-02-12,79.404579,79.409430,78.014026,78.014026,113730400
2020-02-13,78.839134,79.166752,78.470265,78.674114,94747600
2020-02-14,78.858551,79.108510,78.348924,78.807583,80113600
2020-02-18,77.414612,77.596621,76.349247,76.531257,152531200
2020-02-19,78.535767,78.766315,77.657270,77.657270,93984000
2020-02-20,77.730087,78.785743,77.222889,78.295534,100566000
2020-02-21,75.970657,77.766488,75.351829,77.322381,129554000
2020-02-24,72.362030,73.818104,70.190057,72.138769,222195200
2020-02-25,69.910965,73.417680,69.437745,73.034250,230673600
2020-02-26,71.019997,72.289210,69.527523,69.534803,198054800
2020-02-27,66.377563,69.406200,66.241664,68.217075,320605600
2020-02-28,66.338737,67.564271,62.215623,62.431611,426510000
2020-03-02,72.514923,73.153170,67.396823,68.503439,341397200
2020-03-03,70.211891,73.774417,69.357656,73.694336,319475600
2020-03-04,73.468636,73.628805,71.136494,71.939761,219178400
2020-03-05,71.085541,72.694496,70.719093,71.716500,187572800
2020-03-06,70.141510,70.575907,68.248617,68.435477,226176800
2020-03-09,64.593880,67.486610,63.824584,64.006593,286744800
2020-03-10,69.246033,69.512981,65.370448,67.256069,285290000
2020-03-11,66.841072,68.246186,65.974706,67.316728,255598800
2020-03-12,60.240219,65.523343,60.184404,62.111276,418474000
2020-03-13,67.457481,67.930708,61.385652,64.283243,370732000
2020-03-16,58.779282,62.873271,58.242959,58.716183,322423600
2020-03-17,61.363827,62.516549,57.854686,60.065492,324056000
2020-03-18,59.861637,60.669759,57.544052,58.187153,300233600
2020-03-19,59.402977,61.358970,58.876364,60.036369,271857200
2020-03-20,55.631741,61.113859,55.330817,59.985399,401693200
2020-03-23,54.449883,55.452148,51.595979,55.350223,336752800
2020-03-24,59.912605,60.109175,56.859702,57.359621,287531200
2020-03-25,59.582558,62.671861,59.286489,60.851768,303602000
2020-03-26,62.717972,62.776212,59.786409,59.825238,252087200
2020-03-27,60.121307,62.094285,59.953858,61.337128,204216800
2020-03-30,61.837044,62.009348,60.524149,60.849342,167976400
2020-03-31,61.710846,63.700813,61.155113,62.028759,197002000
2020-04-01,58.463814,60.359137,58.031845,59.820389,176218400
2020-04-02,59.439362,59.492751,57.490650,58.325466,165934000
2020-04-03,58.585144,59.626235,57.993007,58.922468,129880000
2020-04-06,63.695961,63.851272,60.519294,60.888163,201820400
2020-04-07,62.958218,65.935894,62.853867,65.717477,202887200
2020-04-08,64.569611,64.885090,63.395045,63.761485,168895200
2020-04-09,65.035545,65.540322,64.237137,65.207853,161834800
2020-04-13,66.312042,66.421251,64.511361,65.113207,131022800
2020-04-14,69.661011,69.952229,67.476900,67.950127,194994800
2020-04-15,69.025192,69.486281,68.103015,68.532554,131154400
2020-04-16,69.573647,69.940094,68.520421,69.741096,157125200
2020-04-17,68.629631,69.636755,67.188117,69.088298,215250000
2020-04-20,67.205109,68.357834,67.185698,67.452646,130015200
2020-04-21,65.127762,67.282753,64.414285,67.047354,180991600
2020-04-22,67.003670,67.440489,66.057223,66.399394,116862400
2020-04-23,66.744011,68.374814,66.705181,66.947860,124814400
2020-04-24,68.670883,68.680592,67.222089,67.270628,126161200
2020-04-27,68.719421,69.051890,67.937995,68.386945,117087600
2020-04-28,67.605515,69.364937,67.513303,69.182928,112004800
2020-04-29,69.826019,70.296817,68.894133,69.097982,137280800
2020-04-30,71.299103,71.476261,69.976506,70.367216,183064000
2020-05-01,70.151237,72.561039,69.369811,69.466881,240616800
2020-05-04,71.143784,71.272403,69.483860,70.175497,133568000
2020-05-05,72.211563,73.046379,71.459257,71.604866,147751200
2020-05-06,72.956604,73.589993,72.529487,72.915345,142333600
2020-05-07,73.711319,74.058356,73.281780,73.585129,115215200
2020-05-08,75.465790,75.519324,74.044709,74.373214,133838400
2020-05-11,76.653275,77.149675,74.762549,74.971822,145946400
2020-05-12,75.777245,77.792066,75.655577,77.339457,162301200
2020-05-13,74.862297,76.881990,73.781885,75.957309,200622400
2020-05-14,75.322220,75.383054,73.373096,74.098240,158929200
2020-05-15,74.876900,74.923134,73.051880,73.085951,166348400
2020-05-18,76.641098,77.015838,75.512023,76.205532,135178400
2020-05-19,76.198235,77.507376,76.166600,76.658136,101729600
2020-05-20,77.680138,77.750700,77.020692,77.059627,111504800
2020-05-21,77.101006,78.084085,76.862534,77.541443,102688800
2020-05-22,77.597397,77.680130,76.735986,76.838183,81803200
2020-05-26,77.071800,78.899248,77.015830,78.719182,125522000
2020-05-27,77.407593,77.553596,76.186049,76.928228,112945200
2020-05-28,77.441658,78.704572,76.804119,77.081518,133560800
2020-05-29,77.366226,78.147332,77.008522,77.684996,153532400
2020-06-01,78.317696,78.439364,77.188613,77.320017,80791200
2020-06-02,78.680244,78.704580,77.607132,78.050005,87642800
2020-06-03,79.113388,79.376195,78.427179,79.001456,104491200
2020-06-04,78.432037,79.235043,78.057298,78.935745,87560400
2020-06-05,80.665871,80.726705,78.653485,78.682684,137250400
2020-06-08,81.142799,81.176870,79.648721,80.361693,95654400
2020-06-09,83.705132,84.099335,80.789972,80.821606,147712400
2020-06-10,85.858635,86.328271,84.216118,84.656555,166651600
2020-06-11,81.736557,85.425531,81.634360,84.999694,201662400
2020-06-12,82.442207,84.632231,81.327732,83.882759,200146000
2020-06-15,83.461792,84.116366,80.928664,81.091702,138808800
2020-06-16,85.673714,85.946256,83.882765,85.522847,165428800
2020-06-17,85.554466,86.481575,85.432798,86.420741,114406400
2020-06-18,85.588554,86.007093,84.977779,85.510685,96820400
2020-06-19,85.099442,86.763858,83.987395,86.296658,264476000
2020-06-22,87.325974,87.469541,85.447420,85.493654,135445200
2020-06-23,89.189919,90.613435,88.153305,88.574279,212155600
2020-06-24,87.615547,89.739873,87.240808,88.817627,192623200
2020-06-25,88.778679,88.817614,87.009629,87.771272,137522400
2020-06-26,86.050903,88.895502,85.902465,88.674065,205256800
2020-06-29,88.034073,88.128977,85.479046,85.958418,130646000
2020-06-30,88.768959,89.056101,87.600949,87.620413,140223200
2020-07-01,88.601051,89.391893,88.552389,88.846823,110737200
2020-07-02,88.601051,90.148672,88.486691,89.511133,114041600
2020-07-06,90.971153,91.440790,90.002673,90.034308,118655600
2020-07-07,90.688881,92.131861,90.576948,91.350755,112424400
2020-07-08,92.801033,92.832668,91.581917,91.669522,117092000
2020-07-09,93.200111,93.750046,92.148898,93.696511,125642800
2020-07-10,93.363159,93.421565,92.180550,92.793754,90257200
2020-07-13,92.932426,97.290574,92.718290,94.672277,191649200
2020-07-14,94.470299,94.662529,91.375066,92.311903,170989200
2020-07-15,95.120018,96.601933,93.917938,96.351297,153198000
2020-07-16,93.949585,94.808561,93.348545,93.988520,110577600
2020-07-17,93.759773,94.557915,93.285265,94.402184,92186800
2020-07-20,95.735664,95.874368,93.501842,93.847382,90318000
2020-07-21,94.414352,96.604376,94.163717,96.528943,103433200
2020-07-22,94.679588,95.363362,94.027450,94.115047,89001600
2020-07-23,90.370102,94.489778,89.557361,94.411908,197004400
2020-07-24,90.146248,90.491788,86.768743,88.562136,185438800
2020-07-27,92.282722,92.375191,90.988181,91.212046,121214000
2020-07-28,90.766739,92.029653,90.761867,91.852015,103625600
2020-07-29,92.506599,92.691537,91.214486,91.250985,90329200
2020-07-30,93.625938,93.730571,91.268013,91.676815,158130000
2020-07-31,103.427528,103.578396,98.137399,100.142493,374336800
2020-08-03,106.033661,108.661687,105.016518,105.315817,308151200
2020-08-04,106.741760,107.836772,105.498310,106.223453,173071600
2020-08-05,107.128654,107.449860,105.994708,106.461916,121776800
2020-08-06,110.866280,111.362687,106.870708,107.462012,202428800
2020-08-07,108.345680,110.844371,107.546099,110.386074,198045600
2020-08-10,109.920433,110.941849,107.260851,109.796106,212403600
2020-08-11,106.651421,109.681538,106.390580,109.181803,187902400
2020-08-12,110.195908,110.454308,107.550951,107.745968,165598000
2020-08-13,112.146103,113.152893,111.090554,111.580544,210082000
2020-08-14,112.046158,112.136353,110.230033,111.970588,165565200
2020-08-17,111.753632,113.196781,111.124696,113.172402,119561600
2020-08-18,112.684860,113.111466,111.168581,111.504992,105633600
2020-08-19,112.826248,114.245019,112.731180,113.094402,145538000
2020-08-20,115.329819,115.444393,112.850627,112.867693,126907200
2020-08-21,121.273033,121.758142,116.280525,116.292711,338054800
2020-08-24,122.723495,125.578103,120.851308,125.492773,345937600
2020-08-25,121.716690,122.062853,119.988329,121.592370,211495600
2020-08-26,123.371925,123.830223,121.967781,123.037955,163022400
2020-08-27,121.897125,124.310494,120.748941,123.976524,155552400
2020-08-28,121.699638,123.293919,121.475362,122.874627,187630000
2020-08-31,125.826736,127.737937,122.862443,124.403101,225702700
2020-09-01,130.838745,131.443316,127.279641,129.454107,151948100
2020-09-02,128.127960,134.544111,123.837532,134.163823,200119000
2020-09-03,117.869942,125.631727,117.499407,123.749794,257599600
2020-09-04,117.947929,120.619698,108.128686,117.080092,332607200
2020-09-08,110.010635,116.026993,109.874122,111.112494,231366600
2020-09-09,114.398590,116.173270,112.389889,114.340087,176940500
2020-09-10,110.663956,117.499400,109.698610,117.362887,182274400
2020-09-11,109.211060,112.360632,107.260862,111.717063,180860300
2020-09-14,112.487404,113.043210,109.991153,111.863341,140150100
2020-09-15,112.662903,115.870978,110.780962,115.383429,184642000
2020-09-16,109.337807,113.111441,109.250051,112.360618,154679000
2020-09-17,107.592400,109.406084,106.002991,106.987843,178011000
2020-09-18,104.179558,108.118958,103.448234,107.650915,287104900
2020-09-21,107.338867,107.446129,100.532675,101.936819,195713800
2020-09-22,109.025787,110.049644,106.441782,109.874126,183055400
2020-09-23,104.452576,109.318316,104.111285,108.840520,150718700
2020-09-24,105.525185,107.504634,102.385366,102.551131,167743300
2020-09-25,109.484100,109.640120,104.988894,105.729971,149981400
2020-09-28,112.097343,112.448380,109.971628,112.146101,137672400
2020-09-29,111.249016,112.438638,110.741968,111.697568,99382200
2020-09-30,112.926178,114.340076,110.790717,110.956482,142675200
2020-10-01,113.881775,114.788617,112.945681,114.710607,116120400
2020-10-02,110.205666,112.497154,109.425591,110.078905,144712000
2020-10-05,113.598999,113.745265,110.722461,111.073497,106243800
2020-10-06,110.342178,113.228470,109.454835,112.818923,161498200
2020-10-07,112.214378,112.672676,111.288030,111.765834,96849000
2020-10-08,112.107086,113.501477,111.736544,113.355211,83477200
2020-10-09,114.057304,114.086556,112.058349,112.409385,100506900
2020-10-12,121.302292,122.062868,116.309783,117.070359,240226800
2020-10-13,118.084457,122.267632,116.670567,122.150617,262330500
2020-10-14,118.172234,119.966412,116.641329,117.986962,150712000
2020-10-15,117.704185,118.181982,115.207935,115.763741,112559200
2020-10-16,116.056259,118.523265,115.851489,118.259985,115393800
2020-10-19,113.091957,117.421391,112.779926,116.972846,120639300
2020-10-20,114.583855,116.017251,112.750664,113.306470,124423700
2020-10-21,113.959793,115.753971,113.550246,113.764769,89946000
2020-10-22,112.867683,115.100661,111.736565,114.525348,101988000
2020-10-23,112.175369,113.647771,111.434292,113.491751,82572600
2020-10-26,112.185112,113.647760,110.069142,111.171008,111850700
2020-10-27,113.696510,114.359578,111.687809,112.614150,92276800
2020-10-28,108.430992,112.555664,108.333484,112.185129,143937800
2020-10-29,112.448372,114.018281,109.406062,109.571834,146129200
2020-10-30,106.149254,109.201310,105.037642,108.294468,190272600
2020-11-02,106.061485,107.923927,104.647595,106.393023,122866900
2020-11-03,107.689911,108.713760,106.022493,106.929335,107624400
2020-11-04,112.087601,112.711663,109.552345,111.297773,138235500
2020-11-05,116.066010,116.641322,113.959800,115.012901,126387100
2020-11-06,115.934158,116.432311,113.433593,115.572747,114457900
2020-11-09,113.619164,119.157510,113.355436,117.702108,154515300
2020-11-10,113.277306,114.859686,111.480024,112.867059,138023400
2020-11-11,116.715561,116.852310,113.736383,114.468969,112295000
2020-11-12,116.442070,117.731421,115.816931,116.842554,103162300
2020-11-13,116.490906,116.891382,115.133181,116.666727,81581900
2020-11-16,117.506767,118.180741,115.406686,116.158805,91183000
2020-11-17,116.617889,117.868168,116.197873,116.774178,74271000
2020-11-18,115.289474,117.037914,115.260172,115.856009,76322100
2020-11-19,115.885300,116.295546,114.097789,114.859677,74113000
2020-11-20,114.615479,116.012276,114.566644,115.885297,73604300
2020-11-23,111.206520,114.888989,111.108843,114.459203,127959300
2020-11-24,112.495857,113.160069,109.975761,111.265119,113874200
2020-11-25,113.335899,114.039183,112.495867,112.867049,76499200
2020-11-27,113.882904,114.762009,113.521500,113.863372,46691300
2020-11-30,116.285774,118.161192,114.097780,114.254068,169410200
2020-12-01,119.870567,120.603153,117.223492,118.200273,127728200
2020-12-02,120.222221,120.505489,118.083068,119.186828,89004200
2020-12-03,120.085457,120.905949,119.372403,120.651984,78967600
2020-12-04,119.411469,120.007305,118.698415,119.753340,78260400
2020-12-07,120.876648,121.677608,119.411476,119.470081,86712000
2020-12-08,121.492027,122.078102,120.231979,121.482265,82225500
2020-12-09,118.952385,123.025560,118.190497,121.638533,115089200
2020-12-10,120.378487,120.993863,117.360237,117.702109,81312200
2020-12-11,119.567757,119.909628,117.750944,119.587289,86939800
2020-12-14,118.952385,120.485931,118.717960,119.753345,79184500
2020-12-15,124.910751,124.930291,121.247823,121.452946,157243700
2020-12-16,124.842377,125.389372,123.621400,124.451670,98208600
2020-12-17,125.711739,126.571311,125.067059,125.907092,94359800
2020-12-18,123.719093,126.102442,123.191631,125.965693,192541500
2020-12-21,125.252617,125.330761,120.583605,122.117151,121251600
2020-12-22,128.817902,131.289157,126.639669,128.554167,168904800
2020-12-23,127.919243,129.355097,127.743415,129.091377,88223700
2020-12-24,128.905807,130.361217,128.056013,128.270906,54930100
2020-12-28,133.516205,134.151107,130.410033,130.878899,124486200
2020-12-29,131.738419,135.567397,131.220726,134.844589,121047300
2020-12-30,130.615158,132.832455,130.302581,132.431971,96452100
2020-12-31,129.609085,131.611489,128.661606,130.966810,99116600
2021-01-04,126.405243,130.507720,123.816772,130.419814,143301900
2021-01-05,127.968079,128.681140,125.447982,125.897308,97664900
2021-01-06,123.660469,128.007149,123.445576,124.754466,155088000
2021-01-07,127.880165,128.573686,124.891218,125.379608,109578200
2021-01-08,128.983963,129.550498,127.206214,129.355130,105158200
2021-01-11,125.985229,127.147601,125.516379,126.190360,100384500
2021-01-12,125.809410,126.678745,123.914452,125.516373,91951100
2021-01-13,127.850876,128.397871,125.506607,125.770327,88636800
2021-01-14,125.916840,127.958308,125.770314,127.762955,90221800
2021-01-15,124.187920,127.196406,124.051171,125.789840,111598500
2021-01-19,124.861908,125.721480,123.992574,124.813066,90757300
2021-01-20,128.964401,129.413727,125.565207,125.672654,104319500
2021-01-21,133.691986,136.426975,130.488146,130.693277,120150900
2021-01-22,135.840958,136.602846,131.884991,133.115730,114459400
2021-01-25,139.601517,141.721129,133.369650,139.748043,157611700
2021-01-26,139.835968,140.949498,138.087522,140.265754,98390600
2021-01-27,138.761505,140.949500,137.149822,140.099690,140843800
2021-01-28,133.906906,138.693142,133.525962,136.280492,142621100
2021-01-29,128.896057,133.565070,127.186690,132.676196,177523800
2021-02-01,131.025391,132.236604,127.889917,130.644447,106239800
2021-02-02,131.855682,133.145026,131.484501,132.578491,83305400
2021-02-03,130.830063,132.617574,130.507723,132.607797,89880900
2021-02-04,134.199966,134.209729,131.464976,133.135279,84183100
2021-02-05,133.784180,134.429822,132.903769,134.361353,75693800
2021-02-08,133.930923,133.979838,131.984219,133.070067,71297200
2021-02-09,133.050507,134.879827,132.893999,133.647234,76774200
2021-02-10,132.443970,134.009160,131.475506,133.510248,73046600
2021-02-11,132.189682,133.422260,130.859274,132.942917,64280000
2021-02-12,132.424423,132.580945,130.780986,131.426629,60145100
2021-02-16,130.291885,133.050516,129.900580,132.541842,80576300
2021-02-17,127.993034,129.343012,126.652849,128.394117,97918500
2021-02-18,126.887589,127.171272,124.637632,126.388676,96856700
2021-02-19,127.044136,127.865870,125.997426,127.406095,87668800
2021-02-22,123.258316,126.897372,122.867018,125.224574,103916400
2021-02-23,123.121376,123.952879,115.813917,121.067072,158273000
2021-02-24,122.622459,122.827889,119.570353,122.221385,111039900
2021-02-25,118.357330,123.708308,117.917125,121.967041,148199500
2021-02-26,118.621468,122.133348,118.562768,119.922522,164560400
2021-03-01,125.009384,125.146337,120.118180,121.057291,116307900
2021-03-02,122.397469,125.919133,122.289862,125.615881,102260900
2021-03-03,119.404053,122.974633,119.188839,122.094215,112966300
2021-03-04,117.516060,120.910557,116.038922,119.100813,178155000
2021-03-05,118.777969,119.286659,115.011745,118.347549,153766600
2021-03-08,113.828079,118.367115,113.681342,118.298639,154376600
2021-03-09,118.455154,119.404049,116.205205,116.439981,129525800
2021-03-10,117.369324,119.511666,116.850850,119.042114,111943300
2021-03-11,119.306213,120.529014,118.621448,119.873595,103026500
2021-03-12,118.396461,118.533415,116.567156,117.780173,88105100
2021-03-15,121.292068,121.301853,117.799749,118.768213,92403800
2021-03-16,122.837677,124.451776,122.006174,122.964846,115227900
2021-03-17,122.045311,123.121374,119.677963,121.350761,111932600
2021-03-18,117.907349,120.499688,117.701919,120.206213,121229700
2021-03-19,117.379089,118.787758,117.075837,117.291051,185549500
2021-03-22,120.705116,121.174675,117.643226,117.711702,111912300
2021-03-23,119.873619,121.536625,119.482321,120.646430,95467100
2021-03-24,117.476898,120.225759,117.457337,120.147498,88530500
2021-03-25,117.966042,119.012766,116.410642,116.938893,98844700
2021-03-26,118.572533,118.836662,116.332361,117.731245,94071200
2021-03-29,118.748619,119.912728,118.102984,119.002964,80819200
2021-03-30,117.291054,117.780174,116.273683,117.496483,85671900
2021-03-31,119.492104,120.832289,118.513863,119.002983,118323800
2021-04-01,120.323601,121.477925,119.824696,120.969243,75089100
2021-04-05,123.160507,123.414852,120.392084,121.174680,88651200
2021-04-06,123.463745,124.363725,122.915933,123.747436,80171300
2021-04-07,125.116997,125.136558,122.417050,123.092039,83466700
2021-04-08,127.523445,127.552791,125.723486,126.144122,88844600
2021-04-09,130.106003,130.145126,126.652815,126.975636,106686700
2021-04-12,128.384338,129.959307,127.787611,129.636486,91420000
2021-04-13,131.504898,131.729904,129.059296,129.558209,91266500
2021-04-14,129.157120,132.062496,128.795175,132.003804,87222800
2021-04-15,131.573364,132.062485,130.732077,130.908168,89347100
2021-04-16,131.240768,131.739666,130.379912,131.377722,84922400
2021-04-19,131.905945,132.522241,130.438584,130.604883,94264200
2021-04-20,130.213623,132.580964,128.941907,132.082066,94812300
2021-04-21,130.595123,130.839683,128.442997,129.479930,68847100
2021-04-22,129.069092,131.230996,128.550625,130.145148,84566500
2021-04-23,131.397293,132.179874,129.284290,129.284290,78657500
2021-04-26,131.788605,132.121203,130.653842,131.896212,66905100
2021-04-27,131.465744,132.463554,131.191838,132.072248,66015800
2021-04-28,130.673386,132.082055,130.184265,131.387497,107760100
2021-04-29,130.575577,134.087473,129.567990,133.500522,151101000
2021-04-30,128.599518,130.653814,128.218005,128.912547,109839500
2021-05-03,129.655960,131.152681,128.961418,129.166840,75135100
2021-05-04,125.068069,128.628872,123.943091,128.335397,137564700
2021-05-05,125.312637,127.611494,125.185461,126.388693,84000900
2021-05-06,126.916939,126.926716,124.363723,125.107188,78128300
2021-05-07,127.593063,128.621949,126.877724,128.220200,78973300
2021-05-10,124.300591,126.936522,124.261394,126.809145,88071200
2021-05-11,123.379486,123.732244,120.302586,121.017918,126142800
2021-05-12,120.302589,122.135009,119.793044,120.919933,112172300
2021-05-13,122.458389,123.614674,121.762660,122.076228,105861300
2021-05-14,124.888519,125.319679,123.320677,123.712640,81918000
2021-05-17,123.732246,124.378985,122.654355,124.271196,74244600
2021-05-18,122.340813,124.437803,122.272220,124.016445,63342900
2021-05-19,122.184006,122.409379,120.390783,120.684757,92612000
2021-05-20,124.751343,125.153106,122.585760,122.713152,76857100
2021-05-21,122.909142,125.427490,122.693562,125.251107,79295400
2021-05-24,124.545578,125.368700,123.408895,123.477488,63092900
2021-05-25,124.349586,125.741053,123.781241,125.251095,72009500
2021-05-26,124.300591,124.829739,123.879232,124.408380,56575900
2021-05-27,122.762161,125.074731,122.566184,123.898852,94625600
2021-05-28,122.105614,123.271700,122.046822,123.046319,71311100
2021-06-01,121.782234,122.830729,121.449071,122.566159,67637100
2021-06-02,122.546585,122.722968,121.556889,121.782262,59278900
2021-06-03,121.057121,122.340791,120.655358,122.174209,76229200
2021-06-04,123.359901,123.624479,121.360900,121.576480,75169300
2021-06-07,123.369698,123.781255,122.321202,123.634268,71057600
2021-06-08,124.192825,125.878266,123.673478,124.055640,74403800
2021-06-09,124.574974,125.182516,123.977233,124.653368,56877900
2021-06-10,123.575470,125.613668,123.408888,124.467177,71186400
2021-06-11,124.790550,124.878745,123.565672,123.987031,53522400
2021-06-14,127.857620,127.916412,124.516158,125.251085,96906500
2021-06-15,127.034538,127.975251,126.789563,127.328512,62746300
2021-06-16,127.534286,128.259420,125.878264,127.749866,91815000
2021-06-17,129.141312,129.886047,127.044321,127.191316,96721700
2021-06-18,127.838036,128.866921,127.622456,128.083011,108953300
2021-06-21,129.641052,129.748842,126.613158,127.681248,79663300
2021-06-22,131.287277,131.385273,128.974708,129.474467,74783600
2021-06-23,131.012924,131.620474,130.552369,131.081525,60214200
2021-06-24,130.728729,131.934005,130.258366,131.747821,68711000
2021-06-25,130.434814,131.199137,130.140841,130.777786,70783700
2021-06-28,132.071198,132.531753,130.669945,130.728736,62111300
2021-06-29,133.590073,133.746861,131.649870,132.090823,64556100
2021-06-30,134.207413,134.648366,133.139308,133.433282,63261400
2021-07-01,134.511169,134.569961,133.031508,133.854637,52485800
2021-07-02,137.147110,137.186299,134.981520,135.128499,78852600
2021-07-06,139.165726,140.273005,137.254919,137.254919,108181800
2021-07-07,141.664474,141.978035,139.792858,140.655161,104911600
2021-07-08,140.361221,141.164733,137.842865,138.734580,105575500
2021-07-09,142.193604,142.722744,139.783038,139.881034,99890800
2021-07-12,141.595886,143.379316,141.105935,143.271526,76299700
2021-07-13,142.712952,144.496381,140.743354,141.135309,100827100
2021-07-14,146.152405,146.563977,144.711947,145.123519,127050800
2021-07-15,145.495911,146.985367,144.133847,146.240646,106820300
2021-07-16,143.447876,146.750141,142.948131,145.476281,93251400
2021-07-19,139.587097,141.174549,138.822774,140.860973,121434600
2021-07-20,143.212692,144.143611,140.086817,140.576768,96350000
2021-07-21,142.477814,143.193153,141.723300,142.605206,74993500
2021-07-22,143.849670,145.221528,142.879562,143.006954,77338200
2021-07-23,145.574280,145.731068,143.967241,144.584584,71447400
2021-07-26,145.995621,146.818735,144.731539,145.290090,72434100
2021-07-27,143.820267,146.211231,142.624785,146.123028,104818600
2021-07-28,142.066238,144.016249,139.675274,141.899657,118931200
2021-07-29,142.712952,143.604666,141.674258,141.782048,56699500
2021-07-30,142.928543,143.389098,141.213714,141.478292,70440600
2021-08-02,142.595398,143.996651,142.330820,143.418512,62880000
2021-08-03,144.398392,145.064718,142.262197,142.879540,64786600
2021-08-04,143.996597,144.819711,143.340065,144.310173,56368300
2021-08-05,144.104431,144.868754,143.232319,144.026037,46397700
2021-08-06,143.417480,144.369411,142.916987,143.623575,54126800
2021-08-09,143.368393,143.967029,142.809020,143.476344,48908700
2021-08-10,142.887527,144.958219,142.593113,143.711875,69023100
2021-08-11,143.142670,143.986649,142.818816,143.329132,48493500
2021-08-12,146.116257,146.273280,143.123074,143.466559,72282600
2021-08-13,146.322327,146.655989,145.507787,146.194744,59375000
2021-08-16,148.304688,148.373391,143.741321,145.772750,103296000
2021-08-17,147.392014,148.854246,146.312500,147.431262,92229700
2021-08-18,143.633392,147.912168,143.427298,147.009309,86326000
2021-08-19,143.967056,145.242841,141.808044,142.328169,86960300
2021-08-20,145.429276,145.733498,144.045540,144.693248,60549600
2021-08-23,146.920975,147.392028,145.134873,145.547047,60131800
2021-08-24,146.832642,148.049546,146.371396,146.665810,48606400
2021-08-25,145.596115,147.519608,145.046550,147.019099,58991300
2021-08-26,144.791382,146.341949,144.761942,145.586304,48597200
2021-08-27,145.831635,145.978834,144.094605,144.732490,55802400
2021-08-30,150.267426,150.630543,145.841451,146.224184,90956700
2021-08-31,149.001450,149.953380,148.471501,149.815989,86453100
2021-09-01,149.668762,152.092748,149.501931,149.982808,80313700
2021-09-02,150.787552,151.837625,149.560839,151.003455,71115500
2021-09-03,151.425461,151.749315,150.237996,150.895512,57808700
2021-09-07,153.770950,154.330324,151.513795,152.082992,82278300
2021-09-08,152.220383,154.114421,151.111429,154.055541,74420200
2021-09-09,151.199738,153.201726,151.081963,152.593282,57305700
2021-09-10,146.194763,152.583480,145.929789,152.112426,140893200
2021-09-13,146.763916,148.599073,145.978817,147.823798,102404300
2021-09-14,145.360596,148.255651,144.173146,147.549063,109296300
2021-09-15,146.253677,146.656043,143.643228,145.792432,83281300
2021-09-16,146.018112,146.194767,144.477368,145.674641,68034100
2021-09-17,143.338959,146.047551,143.044545,146.047551,129868800
2021-09-20,140.277084,142.141682,138.638198,141.121063,123478900
2021-09-21,140.757919,141.906136,140.120035,141.248604,75834000
2021-09-22,143.132874,143.702055,141.022918,141.758946,76404300
2021-09-23,144.094604,144.339947,142.926771,143.917950,64838200
2021-09-24,144.182953,144.722710,142.848288,142.946431,53477900
2021-09-27,142.661789,143.240809,141.140677,142.759932,74150700
2021-09-28,139.266266,142.053354,139.050363,140.581299,108972300
2021-09-29,140.169113,141.758928,139.384014,139.815819,74602000
2021-09-30,138.863907,141.690258,138.648004,140.983670,89056700
2021-10-01,139.992477,140.257452,136.518433,139.256450,94639600
2021-10-04,136.547897,139.560712,135.694110,139.119083,98322000
2021-10-05,138.481186,139.590139,136.763788,136.891371,80861100
2021-10-06,139.354584,139.501783,135.792205,136.871718,83221100
2021-10-07,140.620575,141.533257,140.061202,140.394864,61732700
2021-10-08,140.237808,141.493961,139.904146,141.346761,58773200
2021-10-11,140.149521,142.112262,139.168150,139.619587,64452200
2021-10-12,138.873734,140.581324,138.412488,140.561692,73035900
2021-10-13,138.284897,138.765759,136.606747,138.608751,78762700
2021-10-14,141.081802,141.199577,138.873719,139.462547,69907100
2021-10-15,142.141663,142.200542,140.836438,141.091604,67940300
2021-10-18,143.819839,144.104430,140.492994,140.777585,85589200
2021-10-19,145.988678,146.391043,143.819857,144.271280,76378900
2021-10-20,146.479340,146.960216,145.360578,145.929775,58418800
2021-10-21,146.695236,146.852259,145.115229,146.037720,61421000
2021-10-22,145.919968,147.382200,145.870896,146.901338,58883400
2021-10-25,145.870865,146.587261,144.869863,145.910113,50720600
2021-10-26,146.538223,148.029895,146.233986,146.548032,60893400
2021-10-27,146.077011,146.940607,145.723717,146.577505,56094900
2021-10-28,149.727692,150.316505,146.930780,147.028923,100077900
2021-10-29,147.009293,147.146684,143.682447,144.477355,124953200
2021-11-01,146.184967,146.911172,145.046574,146.214407,74588300
2021-11-02,147.225174,148.746301,145.880686,145.890510,69122000
2021-11-03,148.667831,149.138885,147.028944,147.588318,54511500
2021-11-04,148.147675,149.590275,147.833629,148.756119,60394600
2021-11-05,148.678375,149.582552,147.479355,149.277885,65463900
2021-11-08,147.852829,148.963401,147.577645,148.806149,55020900
2021-11-09,148.216476,148.825809,147.479374,147.616966,56787900
2021-11-10,145.376175,147.548176,145.307387,147.440067,65187100
2021-11-11,145.327042,146.860212,145.140307,146.398308,41000000
2021-11-12,147.410568,147.813506,144.943724,145.877384,63804000
2021-11-15,147.420410,149.268084,146.860205,147.784042,59222800
2021-11-16,148.403244,148.884823,146.771788,147.361475,59256200
2021-11-17,150.850403,152.334430,148.393396,148.403219,88807000
2021-11-18,155.155075,155.941320,150.417973,151.066627,137827700
2021-11-19,157.788986,158.250905,153.838115,154.938849,117305600
2021-11-22,158.250931,162.850441,158.231271,158.899569,117467900
2021-11-23,158.634171,159.017463,156.324578,158.349149,96041900
2021-11-24,159.155075,159.351633,156.894626,157.985537,69463600
2021-11-26,154.113281,157.690682,153.671023,156.825826,76959800
2021-11-29,157.484299,158.417958,156.059223,156.629250,88748200
2021-11-30,162.457291,162.673508,157.169807,157.238611,174048100
2021-12-01,161.936401,167.371299,161.700523,164.599788,152052500
2021-12-02,160.943756,161.376192,155.086261,156.010098,136739200
2021-12-03,159.056793,162.123148,156.973256,161.199311,118023100
2021-12-06,162.476959,164.992932,161.454836,161.464659,107497000
2021-12-07,168.236130,168.629260,165.444974,166.172253,120405400
2021-12-08,172.069092,172.933963,167.764411,169.169827,116998900
2021-12-09,171.558029,173.710369,170.929036,171.902016,108923700
2021-12-10,176.363937,176.540850,171.685802,172.196864,115402700
2021-12-13,172.717758,178.997867,172.511363,178.005227,153237000
2021-12-14,171.332016,174.683377,169.248479,172.236193,139380400
2021-12-15,176.216507,176.413064,169.346711,172.098562,131063300
2021-12-16,169.297546,178.024837,167.813520,176.196824,150185800
2021-12-17,168.196854,170.486786,166.771793,167.007656,195432700
2021-12-20,166.830765,167.646493,164.580153,165.386044,107499100
2021-12-21,170.014999,170.221380,166.211544,168.609584,91185900
2021-12-22,172.619446,172.835664,169.189459,170.064153,92135300
2021-12-23,173.248459,173.808664,172.255834,172.825861,68356600
2021-12-27,177.228821,177.317269,174.024889,174.044535,74919600
2021-12-28,176.206711,178.211637,175.459786,177.061759,79144300
2021-12-29,176.295135,177.523639,175.076455,176.245992,62348900
2021-12-30,175.135437,177.464690,175.027328,176.383601,59773000
2021-12-31,174.516281,176.147722,174.211600,175.027328,64062300
2022-01-03,178.879898,179.734947,174.653859,174.771790,104487900
2022-01-04,176.609634,179.793920,176.039607,179.489254,99310400
2022-01-05,171.911835,177.071549,171.636651,176.521181,94537600
2022-01-06,169.042084,172.285336,168.688274,169.730043,96904000
2022-01-07,169.209152,171.145275,168.088758,169.916771,86709100
2022-01-10,169.228790,169.533457,165.277919,166.172273,106765600
2022-01-11,172.069092,172.167363,167.882358,169.356562,76138300
2022-01-12,172.511353,174.132971,171.813571,173.091203,74805200
2022-01-13,169.228790,173.582599,168.835660,172.757048,84505800
2022-01-14,170.093689,170.791471,168.147729,168.393429,80440800
2022-01-18,166.879913,169.572783,166.496621,168.560498,90956700
2022-01-19,163.371292,168.137891,163.086286,167.076463,94815000
2022-01-20,161.680862,166.761950,161.356536,164.108386,91420500
2022-01-21,159.616974,163.469558,159.508865,161.592402,122848900
2022-01-24,158.840561,159.508875,152.039568,157.268086,162294600
2022-01-25,157.032211,159.960959,154.319681,156.245966,115798400
2022-01-26,156.943771,161.562941,155.105935,160.688247,108275300
2022-01-27,156.481842,161.022386,155.558005,159.656290,121954600
2022-01-28,167.400772,167.420432,160.000270,162.860229,179935700
2022-01-31,171.774261,171.990479,166.594887,167.233718,115541600
2022-02-01,171.607178,171.833218,169.346729,171.017490,86213900
2022-02-02,172.816010,172.855330,170.349180,171.744758,84914300
2022-02-03,169.926590,173.209163,169.160005,171.479420,89418100
2022-02-04,169.641190,171.323930,167.958449,168.942504,82465400
2022-02-07,168.922836,171.176315,168.224151,170.103699,77251200
2022-02-08,172.042297,172.554010,168.696502,168.991722,74829200
2022-02-09,173.469177,173.833273,172.111177,173.242849,71285000
2022-02-10,169.375519,172.681944,168.814615,171.363314,90865900
2022-02-11,165.950974,170.320179,165.360535,169.582138,98670700
2022-02-14,166.187164,166.876000,163.904150,164.701232,86185500
2022-02-15,170.034805,170.192258,167.535313,168.243834,62527400
2022-02-16,169.798660,170.576057,167.338523,169.109825,61177400
2022-02-17,166.187164,169.168849,165.783698,168.302876,69589300
2022-02-18,164.632370,167.820698,163.540069,167.112192,82772700
2022-02-22,161.699921,164.032126,159.564508,162.349386,91162800
2022-02-23,157.517654,163.500694,157.202750,162.900420,90009200
2022-02-24,160.145081,160.253327,149.576327,150.147080,141147500
2022-02-25,162.221420,162.487104,158.304872,161.227515,91974200
2022-02-28,162.487137,162.782356,159.840027,160.459986,95056600
2022-03-01,160.597733,163.943528,159.387349,162.073815,83474400
2022-03-02,163.904190,164.691437,160.351751,161.768793,79724800
2022-03-03,163.579437,166.216712,162.910287,165.783726,76678400
2022-03-04,160.568207,162.910262,159.515276,161.867166,83737200
2022-03-07,156.759918,162.388712,156.504054,160.755178,96418800
2022-03-08,154.929611,160.282872,153.315762,156.287612,131148300
2022-03-09,160.351761,160.804433,156.868213,158.905199,91454900
2022-03-10,155.992386,157.832564,153.492878,157.645591,105342000
2022-03-11,152.262787,156.740239,152.036458,156.395814,96970100
2022-03-14,148.218323,151.662514,147.706625,149.035090,108732100
2022-03-15,152.617081,153.089438,147.982190,148.493888,92964300
2022-03-16,157.045303,157.448769,151.997112,154.545811,102300200
2022-03-17,158.058899,158.432845,155.116584,156.080954,75615400
2022-03-18,161.365326,161.857353,157.212613,157.950654,123511700
2022-03-21,162.742996,163.697531,160.410776,160.902803,95811400
2022-03-22,166.128143,166.718567,162.280485,162.870909,81532000
2022-03-23,167.495956,169.887202,164.976764,165.311354,98062700
2022-03-24,171.294418,171.363294,167.495966,168.332404,90131400
2022-03-25,171.934036,172.485104,169.995447,171.107434,80546200
2022-03-28,172.800034,172.927950,169.257430,169.424718,90371900
2022-03-29,176.106461,176.155651,173.528227,173.872652,100589400
2022-03-30,174.935455,176.746113,173.882509,175.703017,92633200
2022-03-31,171.825806,175.191271,171.619148,175.004298,103049300
2022-04-01,171.530579,172.091497,169.198374,171.255044,78751300
2022-04-04,175.594757,175.643963,171.658538,171.786469,76468400
2022-04-05,172.268631,175.456974,171.638837,174.669727,73401800
2022-04-06,169.090134,170.861435,167.417244,169.611681,89058800
2022-04-07,169.395187,170.595735,167.141709,168.430818,77594700
2022-04-08,167.377869,169.040924,166.502061,169.040924,76575500
2022-04-11,163.107071,166.334769,162.861057,166.019880,72246700
2022-04-12,164.986649,167.161401,163.982908,165.340909,79265200
2022-04-13,167.682938,168.312732,164.110829,164.720938,70618900
2022-04-14,162.654434,168.539094,162.408420,167.899449,75329400
2022-04-18,162.437943,163.943545,160.961860,161.306270,69023900
2022-04-19,164.730789,165.144105,161.296447,162.388749,67723800
2022-04-20,164.563477,166.187176,163.451505,166.069079,67929800
2022-04-21,163.766418,168.794940,163.264556,166.216721,87227800
2022-04-22,159.210236,165.193291,158.924866,163.805785,84882400
2022-04-25,160.282867,160.568237,155.933347,158.550921,96046400
2022-04-26,154.299805,159.751462,154.221078,159.662901,95623200
2022-04-27,154.073502,157.242145,152.902474,153.424022,88063200
2022-04-28,161.030746,161.896720,156.395841,156.710746,130216800
2022-04-29,155.136246,163.549918,154.742630,159.259438,131747600
2022-05-02,155.441299,155.706983,150.826080,154.211231,123055300
2022-05-03,156.937042,158.147440,153.827441,155.628248,88966500
2022-05-04,163.372787,163.825444,156.720567,157.124033,108256500
2022-05-05,154.270309,161.463749,152.479322,161.237421,130525300
2022-05-06,154.999542,157.128227,151.944484,153.747952,116124600
2022-05-09,149.855209,153.570551,149.293482,152.683591,131577900
2022-05-10,152.269714,154.467392,150.712621,153.265080,115366700
2022-05-11,144.375824,153.196050,143.695826,151.274328,142689800
2022-05-12,140.492981,144.080203,136.787504,140.699943,182602000
2022-05-13,144.977020,145.952671,141.035017,142.493554,113990900
2022-05-16,143.429749,145.381051,142.089467,143.439613,86643800
2022-05-17,147.076126,147.598440,144.553232,146.701631,78336300
2022-05-18,138.778229,145.223397,137.871555,144.720797,109742900
2022-05-19,135.358505,139.606010,134.619380,137.851820,136095600
2022-05-20,135.595032,138.659939,130.687243,137.073283,137426100
2022-05-23,141.035004,141.182823,135.654163,135.792133,117726300
2022-05-24,138.324860,139.911516,135.338794,138.768332,104132700
2022-05-25,138.482574,139.734150,136.334175,136.422866,92482700
2022-05-26,141.695282,142.247160,135.151558,135.397933,90601500
2022-05-27,147.470337,147.509750,143.153839,143.281959,90978500
2022-05-31,146.681915,148.475534,144.710914,146.908591,103718400
2022-06-01,146.553833,149.539899,145.538753,147.726566,74286600
2022-06-02,149.017563,149.076691,144.730629,145.686566,72348100
2022-06-03,143.272079,145.824522,142.365421,144.770030,88570300
2022-06-06,144.021057,146.415831,142.799031,144.898152,71598400
2022-06-07,146.553833,146.839622,142.010674,142.257049,67808200
2022-06-08,145.814682,147.696977,145.321932,146.425688,53950200
2022-06-09,140.571808,145.804814,140.463402,144.947433,69473000
2022-06-10,135.141708,138.719065,135.072716,138.246029,91437900
2022-06-13,129.967834,133.239689,129.534212,130.943471,122207100
2022-06-14,130.835068,131.948688,129.573628,131.199713,84784300
2022-06-15,133.466370,135.348680,130.243793,132.342899,91533000
2022-06-16,128.174194,130.470412,127.168980,130.164910,108123900
2022-06-17,129.652451,131.150416,127.927825,128.184064,134520300
2022-06-21,133.899963,135.072712,131.386949,131.485490,81000500
2022-06-22,133.387527,135.762573,131.968404,132.835634,73409200
2022-06-23,136.265198,136.580550,133.663476,134.836225,72433800
2022-06-24,139.606033,139.852409,137.743438,137.871542,89116800
2022-06-27,139.606033,141.409501,138.926035,140.630947,70207900
2022-06-28,135.447205,141.340494,135.328949,140.069205,67083400
2022-06-29,137.211243,138.630366,134.688364,135.466917,66242400
2022-06-30,134.737640,136.363710,131.830417,135.259954,98964500
2022-07-01,136.915634,137.024040,133.693057,134.067537,71051600
2022-07-05,139.507462,139.556740,134.944589,135.772421,73353800
2022-07-06,140.847748,142.030346,139.034430,139.300520,74064300
2022-07-07,144.228027,144.425124,141.202533,141.212383,66253700
2022-07-08,144.908020,145.410635,142.897605,143.153830,64547800
2022-07-11,142.769501,144.513841,141.695308,143.557904,63141600
2022-07-12,143.745132,146.297576,142.946879,143.646576,77588800
2022-07-13,143.380478,144.326550,140.059331,140.916727,71185600
2022-07-14,146.317291,146.790327,141.172976,141.990944,78140700
2022-07-15,147.992630,148.672628,146.051193,147.608285,76259900
2022-07-18,144.937607,149.372360,144.572961,148.554393,81420900
2022-07-19,148.810623,149.037284,144.779928,145.775279,82982400
2022-07-20,150.820984,151.491132,148.189699,148.928825,64823400
2022-07-21,153.097519,153.314330,149.736958,152.259837,65086600
2022-07-22,151.855804,154.014053,151.185671,153.136958,66675400
2022-07-25,150.732315,152.792008,150.072031,151.776943,53623900
2022-07-26,149.401947,150.870334,148.613543,150.052366,55138700
2022-07-27,154.516632,155.048811,149.953775,150.367683,78620700
2022-07-28,155.068542,155.354331,152.171168,154.703897,81378700
2022-07-29,160.153732,161.257503,157.187380,158.902157,101786900
2022-08-01,159.168243,161.218087,158.557238,158.675493,67829400
2022-08-02,157.689941,160.055152,157.315461,157.778648,59907000
2022-08-03,163.721237,164.174559,158.419239,158.507930,82507500
2022-08-04,163.405869,164.765864,162.045873,163.602966,55474100
2022-08-05,163.178894,163.672329,160.859744,161.066994,56697000
2022-08-08,162.705185,165.606584,162.043984,164.185489,60276900
2022-08-09,162.754532,163.642724,161.106461,161.866355,63135500
2022-08-10,167.017822,167.116500,164.708536,165.478293,70170500
2022-08-11,166.277679,168.744854,165.981616,167.827057,57149200
2022-08-12,169.840271,169.909344,167.175711,167.590209,68039400
2022-08-15,170.915955,171.113326,169.100118,169.267884,54091700
2022-08-16,170.758041,171.429121,169.406035,170.511324,56377100
2022-08-17,172.258087,173.837069,170.304090,170.501461,79542000
2022-08-18,171.863327,172.603479,170.846853,171.468585,62290100
2022-08-19,169.267853,171.458704,169.060604,170.758020,70346300
2022-08-22,165.369720,167.629645,164.945359,167.461879,69026800
2022-08-23,165.034180,166.494757,164.461794,164.886155,54147100
2022-08-24,165.330246,165.902632,164.067054,165.123012,53841500
2022-08-25,167.797424,167.905981,166.139491,166.563837,51218200
2022-08-26,161.471573,168.804021,161.412363,168.330328,78961000
2022-08-29,159.261017,160.761048,157.721503,159.034026,73314000
2022-08-30,156.823471,160.425540,155.649094,160.001193,77906200
2022-08-31,155.155640,158.471522,155.076688,158.205063,87991100
2022-09-01,155.885895,156.339846,152.639086,154.583220,74229900
2022-09-02,153.764160,158.254420,152.935193,157.652429,76957800
2022-09-06,152.500946,155.027330,151.671979,154.415475,73714800
2022-09-07,153.912201,154.612870,151.593051,152.787170,87449600
2022-09-08,152.431870,154.306916,150.675228,152.609499,84923800
2022-09-09,155.303665,155.747769,152.718072,153.428619,68028800
2022-09-12,161.284103,162.103207,157.208342,157.494527,104956000
2022-09-13,151.820007,158.432030,151.356177,157.800434,122656600
2022-09-14,153.270721,155.037227,151.593046,152.757545,87965400
2022-09-15,150.369324,153.201650,149.392332,152.619385,90481100
2022-09-16,148.721237,149.362711,146.421829,149.224550,162278800
2022-09-19,152.451614,152.530566,147.142266,147.349500,81474200
2022-09-20,154.839828,156.004342,151.069995,151.385785,107689800
2022-09-21,151.701599,156.655689,151.583180,155.274062,101696800
2022-09-22,150.734482,152.441762,148.928508,150.379208,86652500
2022-09-23,148.454788,149.481141,146.609347,149.204819,96029900
2022-09-26,148.790344,151.750953,147.675177,147.694918,93339400
2022-09-27,149.767319,152.688459,147.981087,150.734462,84442700
2022-09-28,147.872528,148.662027,142.938180,145.701418,146691400
2022-09-29,140.609192,144.793525,138.832823,144.181670,128138200
2022-09-30,136.385361,141.221030,136.187990,139.424921,124925300
2022-10-03,140.579559,141.191429,135.882066,136.395242,114311700
2022-10-04,144.181656,144.300075,142.365804,143.125698,87830100
2022-10-05,144.477692,145.444835,141.132205,142.178299,79471000
2022-10-06,143.520447,145.602742,143.313213,143.895462,68402200
2022-10-07,138.250580,141.221067,137.618984,140.668408,85925600
2022-10-10,138.576202,140.026902,136.750503,138.576202,74899000
2022-10-11,137.155121,139.494012,136.405105,138.063039,77033700
2022-10-12,136.523529,138.517010,136.345900,137.303164,70433700
2022-10-13,141.112503,141.704616,132.605676,133.217545,113224000
2022-10-14,136.562988,142.622366,136.375481,142.415116,88598000
2022-10-17,140.540100,141.023657,138.428200,139.217698,85250900
2022-10-18,141.862473,144.773734,138.763703,143.579631,99136600
2022-10-19,141.971069,143.046754,139.642056,139.829564,61758300
2022-10-20,141.507202,143.974376,140.776913,141.142065,64522000
2022-10-21,145.336288,145.908675,140.776941,140.994053,86548600
2022-10-24,147.487656,148.257413,144.082959,145.257336,75981900
2022-10-25,150.339706,150.487746,147.398839,148.119250,74732300
2022-10-26,147.388992,149.994328,146.096180,148.977853,88194300
2022-10-27,142.898743,147.092939,142.237542,146.125811,109180200
2022-10-28,153.695068,155.431953,145.879063,146.254064,164762400
2022-10-31,151.326584,152.214776,149.925231,151.148955,97943200
2022-11-01,148.671890,153.408867,147.171859,153.043730,80379300
2022-11-02,143.125671,150.171918,143.096067,146.994198,93604600
2022-11-03,137.056442,140.924969,136.928144,140.194680,97918500
2022-11-04,136.789551,141.030238,132.835524,140.456902,140814800
2022-11-07,137.323318,137.550671,134.110672,135.534124,83374600
2022-11-08,137.896698,139.804509,135.909805,138.796243,89908500
2022-11-09,133.319901,136.957613,133.043120,136.908185,74917800
2022-11-10,145.181976,145.181976,137.896687,139.616694,118854000
2022-11-11,147.979431,148.285866,142.710689,144.144036,93979700
2022-11-14,146.575745,148.552758,145.735508,147.257817,73374100
2022-11-15,148.315536,151.824738,146.852551,150.470489,89868300
2022-11-16,147.079910,148.147499,145.597150,147.416014,64218300
2022-11-17,148.987732,149.738992,144.470249,144.747030,80389400
2022-11-18,149.551163,150.944961,148.246342,150.559444,74829600
2022-11-21,146.308868,148.641745,146.022208,148.434167,58724100
2022-11-22,148.453934,148.691181,145.241287,146.427507,51804100
2022-11-23,149.333725,150.084985,147.623597,147.732334,58301400
2022-11-25,146.407745,147.168900,145.429118,146.605444,35195900
2022-11-28,142.562439,144.954623,141.732097,143.471863,69246000
2022-11-29,139.547485,143.145649,138.736918,142.631621,83763800
2022-11-30,146.328644,147.010716,138.934618,139.774840,111380900
2022-12-01,146.605438,147.416021,144.924980,146.506597,71250400
2022-12-02,146.111176,146.298994,143.975997,144.282447,65447400
2022-12-05,144.944733,149.185419,144.094616,146.071630,68826400
2022-12-06,141.267502,145.607046,140.288875,145.379693,64727200
2022-12-07,139.320145,141.722209,138.390946,140.555778,69721100
2022-12-08,141.010483,141.870494,139.478309,140.723822,62128300
2022-12-09,140.526108,143.896919,139.280580,140.704032,76097000
2022-12-12,142.829361,142.839241,139.438775,141.059925,70462700
2022-12-13,143.798080,148.246361,142.582221,147.781762,93886200
2022-12-14,141.564026,144.974370,139.537584,143.679429,82291200
2022-12-15,134.931152,140.170240,134.466553,139.488168,98931900
2022-12-16,132.964035,136.067946,132.193001,135.118988,160156900
2022-12-19,130.848618,133.646093,129.810698,133.557131,79592600
2022-12-20,130.779404,131.718482,128.397100,129.879859,77432800
2022-12-21,133.893234,135.237604,131.224269,131.451621,85928000
2022-12-22,130.710220,133.013442,128.802410,132.805865,77852100
2022-12-23,130.344482,130.898044,128.149997,129.415284,63814900
2022-12-27,128.535507,129.899651,127.240566,129.869997,69007800
2022-12-28,124.591377,129.524023,124.423333,128.179654,85438400
2022-12-29,128.120361,128.980357,126.261971,126.518978,75703700
2022-12-30,128.436661,128.456435,125.965402,126.934142,77034200
